id,category,question,answer_a,answer_b,answer_c,correct,correct_answer
1,Budowa jachtów,Na rysunku pokazano schematycznie miecz jachtu. Jaki to rodzaj miecza?,Szybrowy,Obrotowy,Balastowy,B,Obrotowy
2,Budowa jachtów,Na rysunku pokazano schematycznie miecz jachtu. Jaki to rodzaj miecza?,Szybrowy,Obrotowy,Balastowy,A,Szybrowy
3,Budowa jachtów,Bulbkil jest to:,Kształt dziobu jachtu,Kształt rufy jachtu,Jeden z rodzajów falszkila z balastem,C,Jeden z rodzajów falszkila z balastem
4,Budowa jachtów,"Spinaker, to żagiel stosowany przy żegludze:",Kursami ostro na wiatr (bejdewind),W żegludze sztormowej,"Na kursach pełnych (baksztag, fordewind)",C,"Na kursach pełnych (baksztag, fordewind)"
5,Budowa jachtów,"Hals, to lina napinająca lub mocująca:",Dolny róg żagla przy liku przednim,Dolny róg żagla przy liku tylnym (wolnym),Górny róg żagla gdzie mocowany jest fał,A,Dolny róg żagla przy liku przednim
6,Budowa jachtów,"Refszkentla, jest liną napinającą:",Róg halsowy żagla przy refowaniu,Róg szotowy żagla przy refowaniu,Róg fałowy żagla,B,Róg szotowy żagla przy refowaniu
7,Budowa jachtów,Lazy jack to:,System linek biegnących do kolumny masztu od bomu (często połączony z pokrowcem),System linek ułatwiający wybieranie kotwicy,System lin do cumowanie jachtu amortyzujący ruchy jachtu,A,System linek biegnących do kolumny masztu od bomu (często połączony z pokrowcem)
8,Budowa jachtów,"Główny wzdłużny element konstrukcyjny kadłuba jachtu, to:",Kingston,Stępka / Kil,Stewa,B,Stępka / Kil
9,Budowa jachtów,Szkielet jachtu w płaszczyźnie poprzecznej wzmacniają:,Wręgi,Gretingi,Szpigaty,A,Wręgi
10,Budowa jachtów,Kontrafałem nazywamy:,Linę służącą do podnoszenia żagla,"Linę służącą do opuszczania żagla, działającą przeciwnie do fału",Linę służącą do trymowania żagla,B,"Linę służącą do opuszczania żagla, działającą przeciwnie do fału"
11,Budowa jachtów,"Górny koniec masztu, to:",Pik,Top,Pięta,B,Top
12,Budowa jachtów,"Sztormreling, to:",Barierka otaczająca pokład,Uchwyt na nadbudówce,Drabinka sznurowa do wchodzenia z wody na pokład,A,Barierka otaczająca pokład
13,Budowa jachtów,"Flagsztok, jest to:","Drzewce, na którym podnosi się banderę","Drzewce, na którym zakłada się mały żagiel","Drzewce, na którym podwieszony jest dzwon",A,"Drzewce, na którym podnosi się banderę"
14,Budowa jachtów,Brest jest to:,Lina służąca do stawiania sztaksli,Lina cumownicza biegnąca prostopadle z jachtu do nabrzeża,Potoczna nazwa szotów bezana,B,Lina cumownicza biegnąca prostopadle z jachtu do nabrzeża
15,Budowa jachtów,Gardą (szponą) nazywamy element konstrukcji:,Łączący bom z masztem,Łączący gafel z masztem,Łączący bukszpryt z kadłubem,B,Łączący gafel z masztem
16,Budowa jachtów,Końce bomu to:,Hals i szkentla,Nok i pięta,Pik i garda,B,Nok i pięta
17,Budowa jachtów,Refpatentem nazywamy element konstrukcyjny:,"Bomu, pozwalający na nawijanie żagla na bom","Masztu, pozwalający na zwijanie żagla do masztu","Bukszprytu, pozwalający na przesuwanie bukszprytu do rufy",A,"Bomu, pozwalający na nawijanie żagla na bom"
18,Budowa jachtów,"Przy ożaglowaniu bermudzkim krawędź żagla mocowana do takielunku (masztu, sztagu) to:",Lik górny,Lik przedni,Lik wolny,B,Lik przedni
19,Budowa jachtów,Najczęściej stosowane napięcie w akumulatorach jachtowych to:,230 V,12 V,48 V,B,12 V
20,Budowa jachtów,"Pomieszczenie służące do przygotowywania posiłków na jachcie, to:",Kubryk,Kambuz,Kingston,B,Kambuz
21,Budowa jachtów,Szpicgat to typ kadłuba jachtu o poniższej charakterystyce:,"Bez pawęży, dziób i rufa ostro zakończone.","Dziób zakończony tępo, rufa z pawężą","Dziób z dużym nawisem, rufa z bardzo szeroką pawężą",A,"Bez pawęży, dziób i rufa ostro zakończone."
22,Budowa jachtów,Jakiego rodzaju paliwo używane jest w czterosuwowych silnikach przyczepnych:,Benzyna zmieszana z olejem silnikowym,Olej napędowy,Czysta benzyna,C,Czysta benzyna
23,Budowa jachtów,Kokpit na jachcie to:,Przestrzeń wodoszczelna zapewniająca pływalność jachtu,Pomieszczenie magazynowe na dziobie lub rufie,"Przestrzeń dla załogi skąd można obsługiwać urządzenia jachtu (np. szoty żagli, ster itp.)",C,"Przestrzeń dla załogi skąd można obsługiwać urządzenia jachtu (np. szoty żagli, ster itp.)"
24,Budowa jachtów,Pokazana na rysunku kotwica to kotwica:,Danfortha,Admiralicji,Delta,B,Admiralicji
25,Budowa jachtów,Do regulacji napięcia olinowania stałego jachtu używa się:,Ściągaczy,Reflinek,Topenant,A,Ściągaczy
26,Budowa jachtów,Topenanta to lina służąca do:,Zapobiegania unoszeniu się bomu przy żegludze pełnym wiatrem,Ustawiania wysokości noku bomu i zapobiegająca opadaniu bomu przy zrzucaniu żagli,Łącząca topy dwóch masztów,B,Ustawiania wysokości noku bomu i zapobiegająca opadaniu bomu przy zrzucaniu żagli
27,Budowa jachtów,Bryty są to:,"Pasy tkaniny, z której uszyty jest żagiel",Wzmocnienie rogów żagla,Szwy łączące pasy tkaniny w żaglu,A,"Pasy tkaniny, z której uszyty jest żagiel"
28,Budowa jachtów,Dla umożliwienia kładzenia masztu jest on osadzany w:,W opętniku,Obrotowo w tzw. cęgach umieszczonych na pokładzie lub nadbudówce,W jarzmie masztu,B,Obrotowo w tzw. cęgach umieszczonych na pokładzie lub nadbudówce
29,Budowa jachtów,Do prowadzenia i regulacji ustawienia szotów żagli (np. foka) służą:,Remizki,Dulki,Kipy,C,Kipy
30,Budowa jachtów,Kabestan to urządzenie:,Umożliwiające wybieranie lin (np. szotów czy fałów) z dużą siłą,Prowadzące łańcuch kotwiczny bez tarcia o pokład,Ułatwiające sterowanie przy dużej fali,A,Umożliwiające wybieranie lin (np. szotów czy fałów) z dużą siłą
31,Budowa jachtów,Na rysunku obok pokazano element takielunku jachtu. Jest to:,Luwers,Kausza,Szakla,C,Szakla
32,Budowa jachtów,Refbanta to:,Mechanizm do rolowania żagla,Wzmocnienie bomu dla zwiększenia jego sztywności,Wzmocnienie żagla z remizkami lub remizkami i refsejzingami,C,Wzmocnienie żagla z remizkami lub remizkami i refsejzingami
33,Budowa jachtów,Pokazany na szkicu żagiel to:,Grot,Genua,Bezan,C,Bezan
34,Budowa jachtów,Jak nazywają się pokazane na szkicu kolorem czerwonym elementy rozpierające wanty?,Rakskloty,Szandeki,Salingi,C,Salingi
35,Budowa jachtów,Szoty to liny służące do:,Stawiania żagli,Wybierania i luzowania żagli przy manewrach,Podnoszenia miecza,B,Wybierania i luzowania żagli przy manewrach
36,Budowa jachtów,Pawęż to element konstrukcyjny jachtu:,Wzmacniający dziób,Rufowe zakończenie kadłuba jachtu,Poprzeczne wzmocnienie kadłuba jachtu na śródokręciu,B,Rufowe zakończenie kadłuba jachtu
37,Budowa jachtów,Szpring dziobowy to lina cumownicza biegnąca:,Od dziobu na ląd w stronę rufy jachtu,Od rufy na ląd w stronę rufy jachtu,Od dziobu na ląd przed dziób jachtu,A,Od dziobu na ląd w stronę rufy jachtu
38,Budowa jachtów,Żagiel o dużej powierzchni podnoszony na sztagu i sięgający znacznie poza wanty to:,Fok,Grot,Genua,C,Genua
39,Budowa jachtów,Do mocowania lin olinowania ruchomego do żagli lub lin olinowania stałego do okuć pokładowych mogą być używane:,Raksy,Pełzacze,Szekle,C,Szekle
40,Budowa jachtów,Komory wypornościowe na jachcie służą do:,Zapewnienia pływalności po napełnieniu jachtu wodą po jego wywróceniu lub awarii kadłuba,Poprawy stateczności jachtu,Mogą służyć do przechowywania sprzętu ratunkowego,A,Zapewnienia pływalności po napełnieniu jachtu wodą po jego wywróceniu lub awarii kadłuba
41,Budowa jachtów,Lina służące do podnoszenia miecza to:,Fał miecza,Kontrafał miecza,Szot miecza,A,Fał miecza
42,Budowa jachtów,Krawędź żagla obszytą dla wzmocnienia nazywamy:,Kilem,Listwą,Likiem,C,Likiem
43,Budowa jachtów,Po zakończeniu używania kuchenki gazowej należy jako pierwszą czynność wykonać:,Zamknąć dokładnie zawór butli gazowej,Sprawdzić temperaturę butli,Oczyścić palniki kuchenki,A,Zamknąć dokładnie zawór butli gazowej
44,Budowa jachtów,Jak nazywa się urządzenie do podnoszenia i opuszczania silnika przyczepnego?,Uchwyt rufowy,Pantograf,Podnośnik zawiasowy,B,Pantograf
45,Budowa jachtów,"Jacht, który posiada jeden maszt i dwa żagle grot i fok ma typ osprzętu żaglowego:",Ket,Kecz,Slup,C,Slup
46,Budowa jachtów,Knaga to element osprzętu jachtu służący do:,Mocowania lin,Wykonywania splotów na linach,Wzmocnienia pokładu,A,Mocowania lin
47,Budowa jachtów,Jak bezpiecznie sprawdzić szczelność instalacji gazowej na jachcie?,"Za pomocą płomienia (zapałki, zapalniczki)",Na słuch (szum uchodzącego gazu),"Za pomocą wody ze środkiem pieniącym (mydło, płyn do zmywania)",C,"Za pomocą wody ze środkiem pieniącym (mydło, płyn do zmywania)"
48,Budowa jachtów,Kluza jest to:,Okucie lub otwór w nadburciu służące do prowadzenia cum czy szpringów,Ucho na pokładzie do mocowania bloków,Urządzenie do mocowania lin ( np. szotów),A,Okucie lub otwór w nadburciu służące do prowadzenia cum czy szpringów
49,Budowa jachtów,O sprawności układu chłodzenia w silniku zaburtowym świadczy:,Równo pracujący silnik,Wypływająca z otworu pod silnikiem struga wody,Czyste spaliny (brak dymu w spalinach),B,Wypływająca z otworu pod silnikiem struga wody
50,Budowa jachtów,Żagiel podnoszony na sztagu jachtu o osprzęcie żaglowym typu slup to:,Bezan,Fok,Grot,B,Fok
51,Budowa jachtów,Miecz na jachcie to:,Opuszczana płyta umieszczona w skrzyni lub falszkilu w środkowej części jachtu.,Część urządzenia sterowego,Urządzenie do regulacji kąta przechyłu,A,Opuszczana płyta umieszczona w skrzyni lub falszkilu w środkowej części jachtu.
52,Budowa jachtów,Do olinowania ruchomego zaliczamy:,Sztagi,Achtersztag,Fały,C,Fały
53,Budowa jachtów,Akumulatory kwasowe bezobsługowe powinny być umieszczone na jachcie:,W pomieszczeniu wydzielonym i dobrze wentylowanym,Tylko na pokładzie,Nie ma znaczenia gdzie się je umieści,A,W pomieszczeniu wydzielonym i dobrze wentylowanym
54,Budowa jachtów,Refsejzingi to linki służące do:,Mocowania pokrowca na na żagiel do bomu,Linki mocujące żagiel do bomu przy refowaniu żagla,Cumowania jachtu przy silnym wietrze,B,Linki mocujące żagiel do bomu przy refowaniu żagla
55,Budowa jachtów,Na rysunku pokazano schematycznie konstrukcję urządzenia sterowego. Element zaznaczony kolorem czerwonym to:,Rumpel,Jarzmo,Płetwa steru,C,Płetwa steru
56,Budowa jachtów,Achterpik na jachcie znajduje się:,To pomieszczenie rufowej części jachtu,To pomieszczenie w dziobowej części jachtu,To tylny koniec bomu,A,To pomieszczenie rufowej części jachtu
57,Budowa jachtów,Fok może być mocowany do sztagu miedzy innymi przy pomocy:,Segarsów,Raks,Pełzaczy,B,Raks
58,Eksploatacja oraz manewrowanie jachtem,"Jeżeli człowiek wypadł za burtę na kursie pełny baksztag, to który z opisanych poniżej manewrów będzie najprostszy i najszybszy?","Odpłynąć bez zmiany kursu kilkadziesiąt metrów, szybko wykonać zwrot przez sztag i halsując podchodzić do człowieka","Natychmiast wykonać zwrot przez rufę, wyostrzyć, wykonać zwrot przez sztag i halsując podchodzić do człowieka","Wyostrzyć, odejść nie za daleko, wykonać zwrot przez sztag i podejść bajdewindem.",B,"Natychmiast wykonać zwrot przez rufę, wyostrzyć, wykonać zwrot przez sztag i halsując podchodzić do człowieka"
59,Eksploatacja oraz manewrowanie jachtem,Jacht zacumowany dziobem do pomostu odchodzi na silniku od nabrzeża na biegu wstecznym. Chcemy aby dziób odchylał się w prawo. Jak ustawić płetwę sterową?,"Ustawić płetwę steru w położeniu ""zero""","Ustawić płetwę steru w położeniu ""lewo""","Ustawić płetwę steru w położeniu ""prawo""",B,"Ustawić płetwę steru w położeniu ""lewo"""
60,Eksploatacja oraz manewrowanie jachtem,Przy odejściu od boi na lewy hals ustawiamy:,"Fok prawo na wiatr, ster zero","Fok lewo na wiatr, ster lewo","Grot i fok w łopocie, ster prawo",B,"Fok lewo na wiatr, ster lewo"
61,Eksploatacja oraz manewrowanie jachtem,Śruba prawoskrętna umiejscowiona jest w diametralnej jachtu. Włączamy silnik na bieg naprzód. Ster zero. Jaka będzie reakcja jachtu?,Rufa będzie odrzucana w prawo,Rufa będzie odrzucana w lewo,Jacht ruszy naprzód bez zmiany kierunku,A,Rufa będzie odrzucana w prawo
62,Eksploatacja oraz manewrowanie jachtem,Jacht prawie stoi. Jest niewiele miejsca na obrót. Chcemy wykonać jachtem na silniku ciasny skręt w prawo. Jak należy postąpić?,"Ster prawo na burt, krótko cała naprzód, silnik stop","Ster prawo na burt, wolno naprzód","Ster prawo na burt, cała naprzód",A,"Ster prawo na burt, krótko cała naprzód, silnik stop"
63,Eksploatacja oraz manewrowanie jachtem,Przy dojściu do nabrzeża rufą podano i zamocowano dwie cumy rufowe. Członek załogi na dziobie nie zdążył założyć cumy dziobowej na boję. Wiatr jest silny od dziobu. Jak dalej manewrować?,Starać się złapać boję bosakiem i przyciągać jacht dla założenia cumy,"Silnik naprzód stosownie do potrzeby, powoli luzować cumy rufowe i założyć cumę dziobową. silnik stop. Ustawić jacht na cumach.",Założyć odbijacze na rufie i prosić o pomoc personel przystani,B,"Silnik naprzód stosownie do potrzeby, powoli luzować cumy rufowe i założyć cumę dziobową. silnik stop. Ustawić jacht na cumach."
64,Eksploatacja oraz manewrowanie jachtem,Intensywne hamowanie żaglami polega na:,Całkowitym wyluzowaniu żagli,Maksymalnym wybraniu żagli do diametralnej jachtu,Wypychaniu żagli na wiatr,C,Wypychaniu żagli na wiatr
65,Eksploatacja oraz manewrowanie jachtem,Podchodząc do boi najskuteczniej jest przeprowadzić manewr w sposób następujący:,"Zrzucić fok przed podejściem, dochodzić w linii wiatru, założyć cumę na biegowo, a następnie zrzucić grot.","Zrzucić grot, podchodzić na foku z wiatrem, założyć cumę na boję, zrzucić fok","Podchodzić pod pełnymi żaglami, po założeniu cumy na boję zrzucić żagle.",A,"Zrzucić fok przed podejściem, dochodzić w linii wiatru, założyć cumę na biegowo, a następnie zrzucić grot."
66,Eksploatacja oraz manewrowanie jachtem,Jacht (czerwony) jest zacumowany jak na rysunku. Jak najbezpieczniej powinien odejść od pomostu pod żaglami (wiatr niebieska strzałka)?,Przecumować jacht do wolnej części pomostu rufą do wiatru. Postawić żagle i odejść z wiatrem,Przecumować jacht do wolnej części pomostu dziobem do wiatru. Postawić żagle i odejść lewym halsem.,"Nie da się odejść, konieczna jest pomoc dla wywiezienia kotwicy lub odholowania jachtu",B,Przecumować jacht do wolnej części pomostu dziobem do wiatru. Postawić żagle i odejść lewym halsem.
67,Eksploatacja oraz manewrowanie jachtem,"Kąt martwy dla danego jachtu wynosi 120°. W jakim momencie podczas halsowania należy wykonać zwrot przez sztag, aby mieć pewność, że jednym halsem dopłyniemy do żądanego punktu ( np. boi)?",Kiedy płynąc ostrym bajdewindem zaobserwujemy ten obiekt w kierunku ok. 60° od kursu,Kiedy płynąc ostrym bajdewindem zaobserwujemy ten obiekt w kierunku nieco większym niż 120° od kursu,Kiedy płynąc ostrym bajdewindem zaobserwujemy ten obiekt w kierunku ok. 90° od kursu,B,Kiedy płynąc ostrym bajdewindem zaobserwujemy ten obiekt w kierunku nieco większym niż 120° od kursu
68,Eksploatacja oraz manewrowanie jachtem,Chcemy wykonać zwrot przez sztag o jak najmniejszym promieniu skrętu. Który z manewrów opisanych poniżej będzie najefektywniejszy?,"Luzujemy całkowicie fok, wybieramy maksymalnie grot, dajemy ster na burtę","Wybieramy maksymalnie fok i grot, dajemy ster na burtę. kiedy oba żagle wejdą w łopot luzujemy szot foka.","Dajemy ster na burtę, w momencie kiedy jacht będzie w linii wiatru luzujemy szot grota,nawietrzny szot foka luzujemy. Dopiero po odpadnięciu jachtu na nowy hals, a następnie wybieramy zawietrzny szot foka.",B,"Wybieramy maksymalnie fok i grot, dajemy ster na burtę. kiedy oba żagle wejdą w łopot luzujemy szot foka."
69,Eksploatacja oraz manewrowanie jachtem,"Jak należy przygotować cumę dziobową przy odejściu od boi, aby manewr odejścia przeprowadzić sprawnie i bezpiecznie?",Zawiązać cumę na boi węzłem cumowy żeglarski i dopiero potem odchodzić,Założyć cumę na biegowo i odejść na żądany hals,"Założyć możliwie najmocniejszą cumę z posiadanych na jachcie, węzeł nie ma znaczenia",B,Założyć cumę na biegowo i odejść na żądany hals
70,Eksploatacja oraz manewrowanie jachtem,Na jachcie z instalacją elektryczną 12 V czuć zapach tlącej się izolacji. Jak należy postąpić?,Zlokalizować miejsce przegrzane i wyłączyć odpowiedni odbiornik energii,Natychmiast wyłączyć główny wyłącznik akumulatorów lub zdjąć klemy z akumulatorów,Sprawdzić odbiorniki energii o dużej mocy i ewentualnie je wyłączyć,B,Natychmiast wyłączyć główny wyłącznik akumulatorów lub zdjąć klemy z akumulatorów
71,Eksploatacja oraz manewrowanie jachtem,"W porcie jachtowym przyjęty jest system cumowania dziobem do pomostu, a rufą do boi. Jak przeprowadzić manewr cumowania w takim porcie manewrując na silniku?","Przygotować cumę dziobową i rufową, wchodzić powoli i podczas mijania boi założyć cumę rufową, zatrzymać jacht przed nabrzeżem i założyć cumę dziobową","Podejść do nabrzeża dziobem, założyć cumę dziobową, luzować cumę dziobową i cofać jacht na biegu wstecznym, założyć cumę rufową na boję, ustawić jacht pracując cumami","Podejść do boi dziobem, zatrzymać jacht i założyć cumę rufową rozciągniętą z rufy na dziób, na biegu naprzód podchodzić dalej do nabrzeża i założyć cumę dziobową",B,"Podejść do nabrzeża dziobem, założyć cumę dziobową, luzować cumę dziobową i cofać jacht na biegu wstecznym, założyć cumę rufową na boję, ustawić jacht pracując cumami"
72,Eksploatacja oraz manewrowanie jachtem,Zamierzamy wyposażyć jacht w nowe cumy. Chcemy aby były nietonące. Jaki rodzaj wybrać?,Poliamidowe (nylonowe),Poliestrowe (np. elana),Polipropylenowe,C,Polipropylenowe
73,Eksploatacja oraz manewrowanie jachtem,Jacht morski balastowy (długość 8 m). Ile cum i jakiej długości powinno być na pokładzie zgodnie z dobrą praktyką żeglarską?,2 cumy po ok. 8 m.,4 cumy po ok. 12 m,2 cumy po ok. 4 m,B,4 cumy po ok. 12 m
74,Eksploatacja oraz manewrowanie jachtem,Jacht balastowo mieczowy (długość 7 m) eksploatowany jest na jez. Mazurskich. Jaka powinna być orientacyjna długość liny kotwicznej dla tego jachtu?,10 m,25 m,100 m,B,25 m
75,Eksploatacja oraz manewrowanie jachtem,Czarterujemy jacht na jeziorach Mazurskich. Jakie informacje dot. właściwości jachtu z punktu widzenia BEZPIECZEŃSTWA żeglugi będą dla nas NAJWAŻNIEJSZE?,Jaka jest pojemność i rodzaj akumulatorów,Czy jacht jest wyposażony w toaletę chemiczną i zbiorniki na wodę,"Czy jacht jest niezatapialny i jaką ma stateczność (wymaga balastowania, ma stateczność dodatnią przy dużych kątach przechyłu?)",C,"Czy jacht jest niezatapialny i jaką ma stateczność (wymaga balastowania, ma stateczność dodatnią przy dużych kątach przechyłu?)"
76,Eksploatacja oraz manewrowanie jachtem,Przygotowując mieszankę paliwa i oleju do silnika dwusuwowego należy kierować się:,Liczbą oktanową używanego paliwa,Instrukcją obsługi danego silnika,"Nie ma to znaczenia, zawsze stosuje się stosunek 1:50",B,Instrukcją obsługi danego silnika
77,Eksploatacja oraz manewrowanie jachtem,Jakie niebezpieczeństwo stwarza ulatnianie się gazu (propan-butan) z butli we wnętrzu jachtu.,Nie ma wpływu na zdrowie załogi,Tylko utratę pewnej ilości gazu,"Niebezpieczeństwo wybuchu, gdyż gaz z powietrzem tworzy mieszaninę wybuchową",C,"Niebezpieczeństwo wybuchu, gdyż gaz z powietrzem tworzy mieszaninę wybuchową"
78,Eksploatacja oraz manewrowanie jachtem,Na małym jachcie mieczowym (np. OMEGA) zerwał się fał foka. Jak bezpiecznie przeprowadzić naprawę?,Wciągnąć na maszt członka załogi przy użyciu fału grota i wymienić fał,Położyć maszt i wymienić fał,Przy pomoście przechylić jacht używając fału grota i wymienić fał,B,Położyć maszt i wymienić fał
79,Eksploatacja oraz manewrowanie jachtem,Przy ładowaniu akumulatora przenośnym prostownikiem zaciski prostownika podłączamy do akumulatora:,"Plus prostownika - plus akumulatora, minus prostownika - minus akumulatora","Plus prostownika - minus akumulatora, minus prostownika - plus akumulatora","Plus prostownika - plus akumulatora, minus prostownika do uziemienia",A,"Plus prostownika - plus akumulatora, minus prostownika - minus akumulatora"
80,Eksploatacja oraz manewrowanie jachtem,"Jacht żegluje na silniku przyczepnym, w pewnym momencie obroty silnika wzrosły, ale jacht zwalnia i zatrzymuje się. Co może być najbardziej prawdopodobną przyczyną takiej awarii?",Rozłączenie śruby z wałkiem śruby (ścięcie sworznia lub innego zabezpieczenia śruby),Uszkodzenie jednego ze skrzydeł śruby,Nakręcenie wodorostów na śrubę,A,Rozłączenie śruby z wałkiem śruby (ścięcie sworznia lub innego zabezpieczenia śruby)
81,Eksploatacja oraz manewrowanie jachtem,Jak powinno przebiegać prawidłowe zakończenie pracy silnika przyczepnego?,"Zmniejszyć obroty, podnieść silnik na pantografie i zgasić go wyłączeniem zapłonu.","Zmniejszyć obroty, włączyć ""Luz"", zgasić silnik wyłącznikiem zapłonu, podnieść silnik na pantografie.","Zgasić silnik wyłącznikiem zapłonu, podnieść silnik na pantografie",B,"Zmniejszyć obroty, włączyć ""Luz"", zgasić silnik wyłącznikiem zapłonu, podnieść silnik na pantografie."
82,Eksploatacja oraz manewrowanie jachtem,Po uruchomieniu dwusuwowy silnik przyczepny pracuje lecz dość silnie dymi. Co może być przyczyną?,Zbyt dużo oleju w paliwie,Zanieczyszczony gaźnik,Paliwo o zbyt niskiej liczbie oktanowej,A,Zbyt dużo oleju w paliwie
83,Eksploatacja oraz manewrowanie jachtem,Tankując zbiornik paliwa do silnika przyczepnego dla bezpiecznego przechowania zbiornika z paliwem wykonujemy n/w czynności.,Tankujemy go do pełna i zakręcamy korek wlewu.,Tankujemy go do pełna i zakręcamy korek wlewu i zaworek odpowietrzania,Tankujemy z pozostawieniem pewnej wolnej przestrzeni w zbiorniku i zamykamy korek wlewu i zaworek odpowietrzający,C,Tankujemy z pozostawieniem pewnej wolnej przestrzeni w zbiorniku i zamykamy korek wlewu i zaworek odpowietrzający
84,Eksploatacja oraz manewrowanie jachtem,Na jachcie mamy kwasowe akumulatory obsługowe. Czy wymagają one czynności konserwacyjnych?,"Tak, dopełniania ubytków kwasu wodą destylowaną",Nie wymagają żadnej obsługi poza utrzymaniem w czystości klem i ich ochrony przed korozją,Dopełniania ubytków kwasu 50% roztworem kwasu siarkowego,A,"Tak, dopełniania ubytków kwasu wodą destylowaną"
85,Eksploatacja oraz manewrowanie jachtem,"Czy przy gwałtownym hamowaniu silnikiem ""cała wstecz"" i położeniu płetwy sterowej ""ster zero"" jacht:",Utrzyma kurs,Będzie skręcał w zależności od kierunku obrotów śruby,Zawsze będzie skręcał w prawo,B,Będzie skręcał w zależności od kierunku obrotów śruby
86,Eksploatacja oraz manewrowanie jachtem,"Komenda ""prawy foka szot luz"" oznacza:",Natychmiastowe i całkowite zluzowanie szota,Stopniowe luzowanie szota,Luzowanie do momentu wejścia żagla w łopot,A,Natychmiastowe i całkowite zluzowanie szota
87,Eksploatacja oraz manewrowanie jachtem,"Żeglując na rzece podchodzimy do pomostu wiatr, niezbyt silny. Jak należy podchodzić?",Pod prąd,Z prądem,Nie ma to znaczenia,A,Pod prąd
88,Eksploatacja oraz manewrowanie jachtem,Podchodzimy do pomostu prawą burtą na silniku pod prąd. Po zahamowaniu silnikiem jacht stoi. Jaką reakcję jachtu spowoduje wychylenie steru w takiej sytuacji?,Nie będzie żadnej bo jacht stoi,"Ster lewo - dziób będzie odchylał się od pomostu, a rufa w stronę pomostu",Ster prawo - rufa będzie odchylała się w stronę pomostu,B,"Ster lewo - dziób będzie odchylał się od pomostu, a rufa w stronę pomostu"
89,Eksploatacja oraz manewrowanie jachtem,Jakie najważniejsze czynności należy wykonać przed kotwiczeniem?,Przygotować kotwicę i linę kotwiczną,"Upewnić się jaka jest głębokość w miejscu kotwiczenia, przygotować odpowiednią długość liny kotwicznej i kotwicę, przygotować żagle do zrzucenia",Przygotować żagle do zrzucenia,B,"Upewnić się jaka jest głębokość w miejscu kotwiczenia, przygotować odpowiednią długość liny kotwicznej i kotwicę, przygotować żagle do zrzucenia"
90,Eksploatacja oraz manewrowanie jachtem,"Jacht wyposażony jest w linę kotwiczną i kotwicę Danfortha. Kotwiczymy na jeziorze na głębokości 2 m. Jaką minimalną długość liny kotwicznej wydać dla bezpiecznego postoju przy założeniu, że bezpieczny promień łukowania wynosi ok. 20 m?",Około 6 m,Około 15 m,Około 30 m,B,Około 15 m
91,Eksploatacja oraz manewrowanie jachtem,"Jakie czynności powinien wykonać członek załogi po komendzie ""przygotować grot do zrzucenia?",Zająć stanowisko pozwalające układać zrzucany żagiel,"Rozbuchtować fał i ułożyć go tak by się nie splątał, być w gotowości do luzowania fału","Oczekiwać na ewentualną komendę ""grot precz"" i wtedy podjąć odpowiednie czynności",B,"Rozbuchtować fał i ułożyć go tak by się nie splątał, być w gotowości do luzowania fału"
92,Eksploatacja oraz manewrowanie jachtem,"Czarterujemy jacht, załoga liczy 5 osób. Na jachcie przekazano nam 4 pasy/kamizelki ratunkowe i jedno koło ratunkowe. Czy jest to wyposażenie wystarczające?",Tak,Nie,"Tak, ale tylko na wodach śródlądowych",B,Nie
93,Eksploatacja oraz manewrowanie jachtem,"Komenda ""założyć cumę na biegowo"" oznacza:","Zamocować jeden koniec cumy na pokładzie, drugi koniec przeprowadzić przez urządzenie cumownicze na lądzie i poprowadzić z powrotem na pokład",Zamocować cumę na lądzie i ułożyć wzdłuż pokładu od dziobu do rufy,Przygotować cumę do szybkiego założenia na urządzenie cumownicze na lądzie,A,"Zamocować jeden koniec cumy na pokładzie, drugi koniec przeprowadzić przez urządzenie cumownicze na lądzie i poprowadzić z powrotem na pokład"
94,Eksploatacja oraz manewrowanie jachtem,Jacht z otaklowaniem żaglowym typu slup ma postawione wszystkie żagle. Płynie względem wiatru baksztag. Zamierzamy płynąć dalej na silniku bez żagli. Jak przeprowadzić zrzucenie żagli?,W dowolnej kolejności nie zmieniając kursu,"Nie zmieniając kursu najpierw grot, a następnie fok","Fok wg. oceny sternika, grot po ustawieniu jachtu w linii wiatru",C,"Fok wg. oceny sternika, grot po ustawieniu jachtu w linii wiatru"
95,Eksploatacja oraz manewrowanie jachtem,Jacht płynie na silniku. Zamierzamy dalej płynąć pod żaglami. W jaki sposób przeprowadzić postawienie żagli?,"Zgasić silnik, postawić fok, a następnie grot","Na małej szybkości ustawić jacht dziobem do wiatru, postawić grot, a następnie fok, zgasić silnik","Idąc na silniku dowolnym kursem względem wiatru postawić fok, a następnie grot",B,"Na małej szybkości ustawić jacht dziobem do wiatru, postawić grot, a następnie fok, zgasić silnik"
96,Eksploatacja oraz manewrowanie jachtem,Zarefowany grot ma zamocowany róg halsowy i refszkentlę oraz zawiązane refsejzingi. Jak przeprowadzić rozrefowanie?,"Zwolnić refszkentlę, odwiązać refsejzingi, zwolnić róg halsowy","Zwolnić róg halsowy, zwolnić refszkentlę, rozwiązać refsejzingi","Rozwiązać refsejzingi, zwolnić refszkentlę, zwolnić róg halsowy, wybierać fał",C,"Rozwiązać refsejzingi, zwolnić refszkentlę, zwolnić róg halsowy, wybierać fał"
97,Eksploatacja oraz manewrowanie jachtem,Podczas holowania jachtu z brzegu (np. na kanale) linę holowniczą dla ułatwienia sterowania należy zamocować?,Na dziobie jachtu,W okolicy masztu jachtu,Nie ma znaczenia gdzie jest zamocowana,A,Na dziobie jachtu
98,Eksploatacja oraz manewrowanie jachtem,Chcemy przestawić duży i ciężki jacht wzdłuż nabrzeża w kierunku dziobu jachtu. Najlepiej w tej sytuacji do przesuwania jachtu użyć:,Tylko cumy dziobowej,Liny zamocowanej do masztu,Cumy dziobowej i szpringu rufowego,C,Cumy dziobowej i szpringu rufowego
99,Eksploatacja oraz manewrowanie jachtem,Przy wejściu do portu zaobserwowano znak jak na rysunku. Co on oznacza i jak postąpić?,"Oznacza ""Marinę"" dla jachtów, można wpływać.","Zakaz wejścia dla jednostek sportowych, nie wpływać.",Zakaz żeglugi dla skuterów wodnych i szybkich łodzi motorowych.,B,"Zakaz wejścia dla jednostek sportowych, nie wpływać."
100,Eksploatacja oraz manewrowanie jachtem,Na bocznej odnodze szlaku żeglownego ustawiona jest tablica jak na rysunku. Czy można tam wpływać?,"Tak, oznacza zezwolenie przejścia.","Nie, oznacza rezerwat przyrody - nie można wpływać.","Nie, oznacza akwen hodowli ryb - nie można wpływać.",A,"Tak, oznacza zezwolenie przejścia."
101,Podstawy locji i pomoce nawigacyjne,Na polskiej mapie morskiej naniesione są oznaczenia jak na rysunku obok. Co one oznaczają?,Głębokości odpowiednio 25m i 34m.,"Głębokości odpowiednio 2,5m i 3,4m.","Głębokości odpowiednio 2 sążnie i 5 stóp, 3 sążnie 4 stopy.",B,"Głębokości odpowiednio 2,5m i 3,4m."
102,Podstawy locji i pomoce nawigacyjne,Na brzegu zaobserwowano tablicę jak na rysunku obok. Co ona oznacza i jak postąpić?,Uwaga - most o wysokości przęsła nad wodą podanej na znaku (12 m).,Zakaz ruchu statków o mocy silnika (KM) podanej na znaku.,"Nakaz nie przekraczania prędkości 12 km/h, dostosować szybkość.",C,"Nakaz nie przekraczania prędkości 12 km/h, dostosować szybkość."
103,Podstawy locji i pomoce nawigacyjne,"Zaobserwowano znak przedstawiony na rysunku, Co on oznacza?",Nakaz zachowania szczególnej ostrożności.,Zakaz ruchu statków żaglowych.,Nakaz nadania sygnału dźwiękowego.,A,Nakaz zachowania szczególnej ostrożności.
104,Podstawy locji i pomoce nawigacyjne,Nabieżnik jest to:,Para wbitych w dno pali służących do cumowania,Betonowy słup lub inny charakterystyczny znak stojący na lądzie,Para staw albo innych stałych obiektów wyznaczająca kierunek,C,Para staw albo innych stałych obiektów wyznaczająca kierunek
105,Podstawy locji i pomoce nawigacyjne,Przedstawione na rysunku znaki oznaczają:,Przebieg szlaku wzdłuż lewego brzegu,Przebieg szlaku wzdłuż prawego brzegu,Miejsce niebezpieczne na lewym brzegu,B,Przebieg szlaku wzdłuż prawego brzegu
106,Podstawy locji i pomoce nawigacyjne,Na Zatoce Gdańskiej zaobserwowano jeden ze znaków jak na rysunku. Co oznacza i jak postąpić?,"Akwen zakazany, nie wpływać poza znak","Rezerwat przyrodniczy, nie wolno kotwiczyć","Oś lub początek toru wodnego (tzw. znak bezpiecznej wody), Obserwować dalsze znaki toru wodnego i płynąć wg. nich",C,"Oś lub początek toru wodnego (tzw. znak bezpiecznej wody), Obserwować dalsze znaki toru wodnego i płynąć wg. nich"
107,Podstawy locji i pomoce nawigacyjne,Jakim znakiem oznaczony jest slip (pochylnia) przeznaczony do wyciągania jachtów z wody?,Znakiem nr 1,Znakiem nr 2,Znakiem nr 3,A,Znakiem nr 1
108,Podstawy locji i pomoce nawigacyjne,Wpływając do portu Jastarnia na Zatoce Gdańskiej kursem na północ zieloną pławę pozostawiamy:,Po prawej burcie,Po lewej burcie,"Obojętne, bo jest to pława wyznaczająca środek farwateru.",A,Po prawej burcie
109,Podstawy locji i pomoce nawigacyjne,Cumując w śluzie należy:,Obłożyć dokładnie cumy na urządzeniach do cumowania tak aby powstałe zawirowania wody i prąd nie porwał jachtu,W ogóle nie zakładać cum ze względu na zmiany poziomu wody lecz cały czas odpychać się bosakiem i pagajami od brzegów komory śluzy,"Założyć cumy na biegowo, luzować lub wybierać je w miarę podnoszenia lub obniżania lustra wody.",C,"Założyć cumy na biegowo, luzować lub wybierać je w miarę podnoszenia lub obniżania lustra wody."
110,Podstawy locji i pomoce nawigacyjne,Przed mostami zwodzonymi jedno lub więcej świateł czerwonych umieszczonych poziomo oznacza:,Zakaz przejścia,Przygotować się do przejścia,Otwieranie mostu okresowo wstrzymane.,A,Zakaz przejścia
111,Podstawy locji i pomoce nawigacyjne,Płynąc rzeką z prądem zaobserwowano boję stożkową o trudnym do rozpoznania kolorze. Co może oznaczać i jak ją minąć?,"Prawą stronę szlaku żeglownego, minąć prawą burtą","Lewą stronę szlaku żeglownego, minąć lewą burtą","Lewą stronę szlaku żeglownego, minąć prawą burtą",B,"Lewą stronę szlaku żeglownego, minąć lewą burtą"
112,Podstawy locji i pomoce nawigacyjne,W przesmyku między jeziorami zaobserwowano dwie tyki ze znakami jak na rysunku. Co one oznaczają i jak się zachować?,Między znakami jest przeszkoda. Omijać po stronie białych trójkątów,Zalecone przejście pomiędzy znakami (między zielonymi trójkątami),Każdy znak oznacza odosobnione niebezpieczeństwo. Mijać dowolnie,B,Zalecone przejście pomiędzy znakami (między zielonymi trójkątami)
113,Podstawy locji i pomoce nawigacyjne,"Na kanale zaobserwowano cztery jachty zacumowane po dwa burta w burtę, a na brzegu znaki jak na rysunku. Czy możemy za zgodą jednego z tych jachtów zacumować do jego burty?","Tak, jest to dozwolone","Nie, dozwolone jest cumowanie tylko czterech jachtów","Nie, te jachty zacumowały nieprawidłowo, niedozwolone jest cumowanie burta w burtę",A,"Tak, jest to dozwolone"
114,Podstawy locji i pomoce nawigacyjne,Jednym z elementów regulacji rzeki jest ostroga; jest ona budowlą:,Usytuowaną poprzecznie do przepływu rzeki,Usytuowaną równolegle do przepływu rzeki,Położoną w środku koryta rzeki.,A,Usytuowaną poprzecznie do przepływu rzeki
115,Podstawy locji i pomoce nawigacyjne,Na kanale zaobserwowano ustawione znaki jak na rysunku. Co one oznaczają?,Dozwolony postój - punkt zdawania ścieków,Dozwolony postój w stronę wskazaną białym trójkątem - punkt tankowania wody pitnej,Dozwolony postój tylko dla statków wiozących ładunki ciekłe.,B,Dozwolony postój w stronę wskazaną białym trójkątem - punkt tankowania wody pitnej
116,Podstawy locji i pomoce nawigacyjne,Żeglując prawą stroną toru wodnego zauważono blisko brzegu znak jak na rysunku. Co on oznacza i jak się zachować?,Miejsce dogodne do zacumowania. Można podejść blisko lub cumować,Ostrzeżenie o dużym ruchu. Żeglować ostrożnie,Miejsce niebezpieczne przy prawym brzegu. Ominąć w bezpiecznej odległości,C,Miejsce niebezpieczne przy prawym brzegu. Ominąć w bezpiecznej odległości
117,Podstawy locji i pomoce nawigacyjne,Żeglując po jeziorze zaobserwowano statek który podniósł sygnał jak na rysunku (biała kula). Co on oznacza i jak się zachować?,Statek stoi na kotwicy. Mijać nie za blisko,Na akwenie odbywają się zawody sportowe (np. regaty) Nie wpływać oddalić się od tego akwenu.,Statek dryfuje. Mijać po stronie nawietrznej8,B,Na akwenie odbywają się zawody sportowe (np. regaty) Nie wpływać oddalić się od tego akwenu.
118,Podstawy locji i pomoce nawigacyjne,Jacht zbliża się do mostu zwodzonego. Na moście zaobserwowano sygnał jak na rysunku. Jak należy się zachować?,"Most uszkodzony, zakaz przejścia",Otwarcie mostu nastąpi za dwie godziny,"Nie należy przepływać pod mostem, ale należy przygotować się do tego",C,"Nie należy przepływać pod mostem, ale należy przygotować się do tego"
119,Podstawy locji i pomoce nawigacyjne,"Jacht o wysokości masztu 8m, szerokości 4m i zanurzeniu 1m, zaobserwował przy wejściu do kanału tablice jak na rysunku. Jak należy postąpić?","Nie da się przejść, należy zawrócić",Można przejść po położeniu masztu,Można przejść nie ma przeszkód,B,Można przejść po położeniu masztu
120,Podstawy locji i pomoce nawigacyjne,Na brzegu zaobserwowano znak jak na rysunku. Jak należy się zachować?,"Uwaga, mogą przepływać szybkie łodzie motorowe i skutery wodne.","Zmniejszyć szybkość, aby nie wytwarzać fali","Nierówna linia brzegowa, spłycenia, zachować ostrożność",B,"Zmniejszyć szybkość, aby nie wytwarzać fali"
121,Podstawy locji i pomoce nawigacyjne,Czy pod stałymi mostami można przepływać w dowolnym miejscu?,"Nie, można przepływać tylko po zaobserwowaniu sygnału wolnego przejścia","Tak, po upewnieniu się czy wysokość mostu jest wystarczająca i pod oznakowanym przęsłem.","Tak, w dowolnym miejscu jeżeli wysokość mostu jest wystarczająca",B,"Tak, po upewnieniu się czy wysokość mostu jest wystarczająca i pod oznakowanym przęsłem."
122,Podstawy locji i pomoce nawigacyjne,Płynąc kanałem zaobserwowano znak jak na rysunku. Jeżeli na trójkącie z prawej strony znaku znajduje się liczba to co ona oznacza?,Liczbę jednostek które mogą tu cumować,Odległość w m określająca długość odcinka do cumowania,Głębokość przy nabrzeżu przeznaczonym do cumowania,B,Odległość w m określająca długość odcinka do cumowania
123,Podstawy locji i pomoce nawigacyjne,Jacht na jeziorze Śniardwy płynie na południe w kierunku miejscowości Pisz. Na kursie zaobserwowano stożkową pławę (1) a kilkadziesiąt metrów dalej pławę jak na rysunku (2). Jak mijać te znaki?,"Pławę zieloną (1) lewą burtą, pławę (2) też lewą burtą","Pławę zieloną (1) prawą burtą, pławę (2) lewą burtą","Pławę zieloną (1) prawą burtą, pławę (2) też prawą burtą",C,"Pławę zieloną (1) prawą burtą, pławę (2) też prawą burtą"
124,Podstawy locji i pomoce nawigacyjne,Płynąc wzdłuż brzegu jeziora zaobserwowano na brzegu znak jak na rysunku. Co on oznacza ?,Punkt nadawania ostrzeżeń meteorologicznych,Wejście do kanału - po lewej stronie znaku,Wejście do kanału - po prawej stronie znaku,C,Wejście do kanału - po prawej stronie znaku
125,Podstawy locji i pomoce nawigacyjne,Na wejściu do kanału zaobserwowano znak jak na rysunku. Co on oznacza?,Zakaz przejścia,Nakaz zrzucenia żagli,Zakaz cumowania po prawej stronie,A,Zakaz przejścia
126,Podstawy locji i pomoce nawigacyjne,Na odnodze kanału żeglownego zaobserwowano znak jak na rysunku. Co oznacza i jak się zachować?,"Śluza, płynąć i obserwować sygnały","Jaz, niebezpieczeństwo, może być silny prąd, upewnić się czy można przepływać.",Przystań można zacumować przy nabrzeżu,B,"Jaz, niebezpieczeństwo, może być silny prąd, upewnić się czy można przepływać."
127,Podstawy locji i pomoce nawigacyjne,Budowla hydrotechniczna pozwalająca na przechodzenie jednostek z akwenu o wyższym poziomie wody do akwenu o niższym poziomie lub odwrotnie to:,Śluza komorowa,Jaz,Zapora,A,Śluza komorowa
128,Podstawy locji i pomoce nawigacyjne,Gdzie można znaleźć informacje o kierunkach oznakowania nawigacyjnego na śródlądowych drogach wodnych?,Na mapach turystycznych,W załączniku nr 9 do przepisów żeglugowych na śródlądowych drogach wodnych (Rozporządzenie Ministra Infrastruktury z 28.04.2003 r),W Rozporządzeniu Ministra Sportu i Turystyki w sprawie uprawiania turystyki wodnej,B,W załączniku nr 9 do przepisów żeglugowych na śródlądowych drogach wodnych (Rozporządzenie Ministra Infrastruktury z 28.04.2003 r)
129,Podstawy locji i pomoce nawigacyjne,Jacht o długości 8 m i wysokości masztu 14 m wpływa do kanału. Na brzegu ustawione są znaki jak na rysunku. Co należy zrobić?,"Nie ma przeszkód, płynąć dalej",Położyć maszt i płynąć dalej,Nie da się przejść jacht jest za długi,B,Położyć maszt i płynąć dalej
130,Podstawy locji i pomoce nawigacyjne,W systemie kardynalnym pławy ustawia się w stosunku do niebezpieczeństwa:,"zawsze 4 pławy: na N, na S, na W i na E od niebezpieczeństwa","W zależności od położenia i wielkości niebezpieczeństwa jedną lub więcej pław odpowiednio na N, S, W czy E od niebezpieczeństwa",Tylko dwie pławy na N i S lub E i W od niebezpieczeństwa,B,"W zależności od położenia i wielkości niebezpieczeństwa jedną lub więcej pław odpowiednio na N, S, W czy E od niebezpieczeństwa"
131,Podstawy locji i pomoce nawigacyjne,Jacht po wpłynięciu z przesmyku między jeziorami Zaobserwował pławę jak na rysunku. Co ona oznacza?,"Płyciznę, którą można mijać z obu stron",Rozwidlenie szlaku żeglownego,"Akwen hodowli ryb, nie wpływać",B,Rozwidlenie szlaku żeglownego
132,Podstawy locji i pomoce nawigacyjne,Jacht płynąc kanałem zauważył znak jak na rysunku. Co on oznacza?,Dozwolone cumowanie,Zakaz cumowania,Parking tylko dla łodzi motorowych,A,Dozwolone cumowanie
133,Podstawy locji i pomoce nawigacyjne,W pobliżu brzegu zaobserwowano kilka boi jak na rysunku. Co one oznaczają i jak się zachować?,Akwen dozwolony do żeglugi tylko z małą prędkością,Akwen zamknięty. Nie wpływać,"Niedozwolona żegluga pod żaglami, można płynąć na wiosłach.",B,Akwen zamknięty. Nie wpływać
134,Podstawy locji i pomoce nawigacyjne,Zbliżając się do mostu na kanale zaobserwowano taki znak. Co on oznacza?,"Zakaz przejścia jachtów o długości powyżej 7,5 m","Wysokość przejścia nad linią wody 7,5 m","Zakaz cumowania jachtów o długości 7,5 m",B,"Wysokość przejścia nad linią wody 7,5 m"
135,Podstawy locji i pomoce nawigacyjne,Płynąc kanałem zaobserwowano taki znak. Jak postępować?,Obserwować czy nie przepływa prom i ewentualnie ustąpić z drogi,Znak oznacza przystań - można ewentualnie cumować,Małe statki mają pierwszeństwo przejścia,A,Obserwować czy nie przepływa prom i ewentualnie ustąpić z drogi
136,Podstawy locji i pomoce nawigacyjne,Płynąc kanałem zaobserwowano taki znak. Co oznacza?,Uwaga przeszkoda podwodna,Nakaz dawania sygnału dźwiękowego,Zakaz zatrzymywania się,B,Nakaz dawania sygnału dźwiękowego
137,Podstawy locji i pomoce nawigacyjne,Przy wyjściu z kanału zaobserwowano taki znak. Co oznacza?,Nakaz żeglugi na silniku,Zakaz żeglugi na silniku,Dozwolone pływanie na silniku małej mocy,B,Zakaz żeglugi na silniku
138,Podstawy locji i pomoce nawigacyjne,Wchodząc do śluzy najważniejsze jest przygotowanie:,Kotwicy do rzucenia,Dwóch długich cum,Koła ratunkowego z rzutką,B,Dwóch długich cum
139,Podstawy locji i pomoce nawigacyjne,Na kursie jachtu zaobserwowano jeden z pokazanych znaków. Jak go można minąć?,Tylko lewą burtą,Tylko prawą burtą,W dowolny sposób prawą lub lewą burtą,C,W dowolny sposób prawą lub lewą burtą
140,Podstawy locji i pomoce nawigacyjne,"Żeglujemy na Zalewie Szczecińskim. W locji znaleźliśmy informację, że do portu Stepnica należy wchodzić w nabieżniku - stawa dolna z rombem, stawa górna z trójkątem. Zaobserwowano nabieżnik jak na rysunku. Jak zmienić kurs aby wejść w linię nabieżnika?",W prawo,Nie należy zmieniać kursu,W lewo,C,W lewo
141,Podstawy locji i pomoce nawigacyjne,Co oznacza taki znak na kanale?,Zakaz cumowania,Dozwolone cumowanie,Punkt poboru wody,B,Dozwolone cumowanie
142,Podstawy locji i pomoce nawigacyjne,Co oznacza ten znak?,Nakaz żeglugi tylko z jednym żaglem,Pierwszeństwo przejścia dla jachtów żaglowych,Zakaz żeglugi pod żaglami,C,Zakaz żeglugi pod żaglami
143,Podstawy locji i pomoce nawigacyjne,Co oznacza ten znak i jak się zachować?,"Przystań statków pasażerskich, mijać daleko",Prom na uwięzi. Mijać za rufą nie za blisko,Dozwolone cumowanie dla jachtów,B,Prom na uwięzi. Mijać za rufą nie za blisko
144,Podstawy locji i pomoce nawigacyjne,Znak zezwalający na wejście do śluzy to:,Jedno zielone światło,Dwa światła czerwone,Światło czerwone i zielone obok siebie,A,Jedno zielone światło
145,Podstawy locji i pomoce nawigacyjne,Na moście stałym zaobserwowano znak jak na rysunku. Jak przechodzić pod mostem?,Przechodzić pod mostem trzymając się prawej strony,Przechodzić w dowolny sposób bo to przejście jednokierunkowe,Oczekiwać na sygnał zezwalający na przejście,A,Przechodzić pod mostem trzymając się prawej strony
146,Podstawy locji i pomoce nawigacyjne,"Płynąc rzeką wzdłuż lewego brzegu widzisz jeden ze znaków pokazanych na rysunku, wtedy powinieneś:","Zatrzymać się przy brzegu i złożyć maszt, w pobliżu most","Spodziewać się przejścia szlaku żeglownego na prawy brzeg, odpowiednio zmienić kurs",Że szlak żeglowny przebiega przy lewym brzegu.,B,"Spodziewać się przejścia szlaku żeglownego na prawy brzeg, odpowiednio zmienić kurs"
147,Podstawy locji i pomoce nawigacyjne,Co oznacza pokazana tablica?,Zakaz żeglugi na silniku,Dozwolone pływanie na silniku,Nakaz żeglugi na silniku,B,Dozwolone pływanie na silniku
148,Podstawy locji i pomoce nawigacyjne,Jakie minimum pomocy nawigacyjnych należy mieć na jachcie żeglującym na Zatoce Gdańskiej?,"Mapę, locję akwenu i kompas",Sekstant i Rocznik Astronomiczny,Spis radiostacji i Locje Bałtyku,A,"Mapę, locję akwenu i kompas"
149,"Przepisy prawa drogi, ochrona wód i etykieta jachtowa","Gdy mały statek idący pod żaglami prawym halsem idzie kursem przecinającym się z kursem małego statku idącego pod żaglami lewym halsem tak, że istnieje ryzyko zderzenia to powinien:",Zachować kurs i szybkość,Ustąpić z drogi,Zmniejszyć szybkość,A,Zachować kurs i szybkość
150,"Przepisy prawa drogi, ochrona wód i etykieta jachtowa",Jacht żaglowy idzie do wejścia do kanału odległego ok. 300 m. Statek pasażerski wychodzący z kanału na wprost jachtu dał sygnał dźwiękowy dwa krótkie. Co powinien zrobić jacht?,Kontynuować swój kurs,Zmienić swój kurs w prawo,Zatrzymać się i rzucić kotwicę,A,Kontynuować swój kurs
151,"Przepisy prawa drogi, ochrona wód i etykieta jachtowa",Jacht żaglowy idący pod żaglami i na silniku jest traktowany jako:,Jacht motorowy,Jacht żaglowy,Jacht żaglowo - motorowy,A,Jacht motorowy
152,"Przepisy prawa drogi, ochrona wód i etykieta jachtowa","Jacht pod żaglami na zatoce Gdańskiej płynie kursem przecinającym się z kursem niewielkiego statku o napędzie mechanicznym, tak, że powoduje to ryzyko zderzenia. Statek ten niesie sygnał dwa czarne stożki wierzchołkami do siebie. Jakie działanie powinien podjąć jacht?",Utrzymać kurs i szybkość,Przejść mu blisko za rufą,Ominąć go z daleka,C,Ominąć go z daleka
153,"Przepisy prawa drogi, ochrona wód i etykieta jachtowa","Statek żaglowy o długości 8 m, idący pod żaglami na wodach śródlądowych powinien ustąpić:",Statkowi pasażerskiemu o nap. mech.,Motorówce o długości ok. 10 m,Łodzi wiosłowej w ruchu,A,Statkowi pasażerskiemu o nap. mech.
154,"Przepisy prawa drogi, ochrona wód i etykieta jachtowa",Jacht żaglowy o długości mniejszej niż 7 m w myśl obowiązujących przepisów jest uważany za:,Statek żaglowy,mały statek żaglowy,Statek bez napędu,B,mały statek żaglowy
155,"Przepisy prawa drogi, ochrona wód i etykieta jachtowa",Wody śródlądowe. Statek pasażerski o długości mniejszej niż 20 m z podniesionym znakiem jak na rysunku jest uważany w myśl przepisów za:,Statek,Mały statek,Statek motorowy,B,Mały statek
156,"Przepisy prawa drogi, ochrona wód i etykieta jachtowa",Osoba prowadząca jacht żaglowy o długości 8 m po śródlądowych drogach wodnych powinna posiadać:,Książeczkę żeglarską,Patent co najmniej żeglarza jachtowego,Zaświadczenie o ukończeniu kursu żeglarskiego,B,Patent co najmniej żeglarza jachtowego
157,"Przepisy prawa drogi, ochrona wód i etykieta jachtowa",Na wodach Zatoki Gdańskiej na kursie zaobserwowano statek który podniósł sygnał jak na rysunku. Co należy zrobić?,Nie zbliżać się bliżej niż 2 Mm,Minąć go daleko przed dziobem,Minąć go z dowolnej strony w bezpiecznej odległości.,C,Minąć go z dowolnej strony w bezpiecznej odległości.
158,"Przepisy prawa drogi, ochrona wód i etykieta jachtowa",Które z odpadów są najbardziej szkodliwe dla środowiska?,Odpady organiczne (resztki żywności itp.),Opakowania papierowe,Odpady (opakowania itp.) z tworzyw sztucznych,C,Odpady (opakowania itp.) z tworzyw sztucznych
159,"Przepisy prawa drogi, ochrona wód i etykieta jachtowa","Poza torem wodnym na otwartych wodach Zatoki Gdańskiej jacht pod żaglami idzie kursem przecinającym się z kursem małego statku pasażerskiego, tak, że powoduje to ryzyko zderzenia. Jaki manewr powinien podjąć?",Przejść mu za rufą,Zmniejszyć szybkość i przepuścić go przed dziobem,Utrzymać kurs i prędkość,C,Utrzymać kurs i prędkość
160,"Przepisy prawa drogi, ochrona wód i etykieta jachtowa","Na podejściu do portu Gdańsk jacht zaobserwował statek, który podniósł sygnały jak na rysunku. Jak go wyminąć?",Z dowolnej strony,Od strony wystawionych kul,Od strony wystawionych rombów,C,Od strony wystawionych rombów
161,"Przepisy prawa drogi, ochrona wód i etykieta jachtowa",Wody śródlądowe. Statek pasażerski nadał serię podwójnych krótkich dźwięków. Co to oznacza?,Nie mogę manewrować,Niebezpieczeństwo zderzenia,Człowiek za burtą,C,Człowiek za burtą
162,"Przepisy prawa drogi, ochrona wód i etykieta jachtowa",Piętnastoletnia osoba posiadająca stopień żeglarza jachtowego jest uprawniona do prowadzenia jachtów na wodach śródlądowych o powierzchni ożaglowania:,"Do 10 m2 żagla,","Dowolnej,","Do 20 m2 żagla, pod nadzorem.",B,"Dowolnej,"
163,"Przepisy prawa drogi, ochrona wód i etykieta jachtowa",Wody śródlądowe. Mały statek płynący pod żaglami powinien ustąpić:,"Statkowi pasażerskiemu o napędzie mechanicznym,","Małemu statkowi o napędzie mechanicznym,",Wodolotowi płynącemu z duża prędkością.,A,"Statkowi pasażerskiemu o napędzie mechanicznym,"
164,"Przepisy prawa drogi, ochrona wód i etykieta jachtowa",Jacht żaglowy płynący na żaglach i na silniku w dzień powinien nosić:,Czarną kulę,Czarny stożek skierowany wierzchołkiem w dół.,Czerwoną kulę.,B,Czarny stożek skierowany wierzchołkiem w dół.
165,"Przepisy prawa drogi, ochrona wód i etykieta jachtowa","Wody śródlądowe. W czasie manewru wyprzedzania jachtu żaglowego, jacht który wyprzedza powinien z zasady wyprzedzać:",Jacht wyprzedzany po jego stronie zawietrznej w bezpiecznej odległości,"W sposób uzgodniony z prowadzącym jacht wyprzedzany,",Jacht wyprzedzany po jego stronie nawietrznej w bezpiecznej odległości,C,Jacht wyprzedzany po jego stronie nawietrznej w bezpiecznej odległości
166,"Przepisy prawa drogi, ochrona wód i etykieta jachtowa",Wody śródlądowe. Na burcie stojącego statku wywieszono sygnał jak na rysunku. Z której strony należy minąć ten statek?,"Nie wolno mijać takiego statku,","Można minąć z obu stron, ostrożnie, nie wytwarzając fali",Tylko od strony flagi czerwono-białej,C,Tylko od strony flagi czerwono-białej
167,"Przepisy prawa drogi, ochrona wód i etykieta jachtowa",Prowadzący jacht w celu uniknięcia bezpośrednio grożącego niebezpieczeństwa zderzenia (szczególnie kiedy niezbędna jest szybka reakcja):,Może odstąpić od przestrzegania przepisów po uzgodnieniu z drugą jednostką,"Nigdy nie może naruszać przepisów,",Może odstąpić od przestrzegania obowiązujących przepisów żeglugowych.,C,Może odstąpić od przestrzegania obowiązujących przepisów żeglugowych.
168,"Przepisy prawa drogi, ochrona wód i etykieta jachtowa",Jacht żaglowy wyprzedzający inny jacht żaglowy,"ma prawo drogi względem jachtu, który wyprzedza",może go ominąć tylko po uzyskaniu jego zgody,ustępuje jachtowi wyprzedzanemu omijając go w bezpiecznej odległości,C,ustępuje jachtowi wyprzedzanemu omijając go w bezpiecznej odległości
169,"Przepisy prawa drogi, ochrona wód i etykieta jachtowa",Statek żaglowy płynący prawym halsem po otwartych wodach morskich ustępuje:,"Statkowi handlowemu o napędzie mechanicznym,","Statkowi rybackiemu zajętemu połowem,",Statkowi żaglowemu płynącemu lewym halsem.,B,"Statkowi rybackiemu zajętemu połowem,"
170,"Przepisy prawa drogi, ochrona wód i etykieta jachtowa","Na kursie jachtu jest jednostka, która podniosła sygnał jak na rysunku. Jak ją wyminąć?",Nie zbliżać się bliżej niż 2 Mm,Minąć go daleko przed dziobem,Minąć go z dowolnej strony w bezpiecznej odległości,C,Minąć go z dowolnej strony w bezpiecznej odległości
171,"Przepisy prawa drogi, ochrona wód i etykieta jachtowa",Żeglarz jachtowy uprawniony jest do:,Prowadzenia po wodach morskich jachtu o długości do 12 m w odległości do 2 Mm od linii brzegowej w porze dziennej,"Prowadzenia jachtów o długości do 10 m w odległości do 10 Mm od linii brzegowej,",Prowadzenia jachtów o długości do 24 m po wodach morskich w porze dziennej.,A,Prowadzenia po wodach morskich jachtu o długości do 12 m w odległości do 2 Mm od linii brzegowej w porze dziennej
172,"Przepisy prawa drogi, ochrona wód i etykieta jachtowa",Jeden długi dźwięk nadany przez statek na drodze śródlądowej oznacza:,Uwaga,Skręcam w prawo,Skręcam w lewo,A,Uwaga
173,"Przepisy prawa drogi, ochrona wód i etykieta jachtowa",Statek ma wywieszony sygnał jak na rysunku. Co oznacza i jak postępować?,"Wzywam pomocy, podejść i nawiązać łączność","Mam nurka pod wodą, mijać ostrożnie","Stoję na mieliźnie, mijać daleko",B,"Mam nurka pod wodą, mijać ostrożnie"
174,"Przepisy prawa drogi, ochrona wód i etykieta jachtowa","Statek zbliżający się do jachtu nadał sygnał jeden krótki, jeden długi i dwa krótkie dźwięki oraz wywiesił sygnał jak na rysunku. Co to oznacza i jak postępować?","Zatrzymajcie natychmiast swój statek, zatrzymać się","Mam zamiar wyprzedzić was po waszej lewej burcie, utrzymać kurs","Mam zamiar zawrócić w lewo, obserwować ruchy statku",A,"Zatrzymajcie natychmiast swój statek, zatrzymać się"
175,"Przepisy prawa drogi, ochrona wód i etykieta jachtowa","Sygnał świetlny lub dźwiękowy składający się z grupy trzech krótkich, trzech długich i trzech krótkich świateł i/lub dźwięków oznacza:","Jeden z sygnałów manewrowych,","Sygnał na postoju we mgle,",Jeden z sygnałów wzywania pomocy.,C,Jeden z sygnałów wzywania pomocy.
176,"Przepisy prawa drogi, ochrona wód i etykieta jachtowa",Który z poniższych sygnałów NIE JEST sygnałem wzywania pomocy na wodach śródlądowych:,"Zataczanie kręgów flagą lub innym podobnym przedmiotem,","Żółty romb widoczny ze wszystkich stron,",Flaga i umieszczona nad nią lub pod nią kula.,B,"Żółty romb widoczny ze wszystkich stron,"
177,"Przepisy prawa drogi, ochrona wód i etykieta jachtowa","Na podejściu do portu podczas ciszy nastąpiła awaria silnika, jest dość duży ruch. Jaki sygnał powinien podnieść jacht?",Jedną czarną kulę,Dwie czarne kule,Czarny stożek,B,Dwie czarne kule
178,"Przepisy prawa drogi, ochrona wód i etykieta jachtowa",Na jachcie płynącym na silniku z opuszczonymi żaglami banderę nosimy:,"Na topie tylnego masztu,","Pod prawym salingiem,",Na flagsztoku na rufie.,C,Na flagsztoku na rufie.
179,"Przepisy prawa drogi, ochrona wód i etykieta jachtowa",Gdzie nosi się banderę na jachtach dwumasztowych o ożaglowaniu gaflowym?,"Na topie tylnego masztu,","Na flagsztoku na rufie,",Pod pikiem gafla tylnego żagla.,C,Pod pikiem gafla tylnego żagla.
180,"Przepisy prawa drogi, ochrona wód i etykieta jachtowa",O jakiej porze podnosi się banderę na jachcie stojącym w porcie?,"O wschodzie słońca,","O godzinie 08:00,",Jak kapitan wejdzie na pokład.,B,"O godzinie 08:00,"
181,"Przepisy prawa drogi, ochrona wód i etykieta jachtowa",Co mówią zasady bezpieczeństwa i etykiety na temat trzymania rąk i nóg poza burtą jachtu?,"Nie określają żadnych zasad,","Zdecydowanie zabraniają,","Zezwalają, ale tylko podczas żeglugi.",B,"Zdecydowanie zabraniają,"
182,"Przepisy prawa drogi, ochrona wód i etykieta jachtowa",Co mówi etykieta jachtowa o noszeniu odbijaczy poza burtą podczas żeglugi?,"Wyraźnie neguje tego typu praktykę, odbijacze wykłada się bezpośrednio przed cumowaniem","Nie wspomina nic o tym,",Jest to dopuszczalne na wodach śródlądowych.,A,"Wyraźnie neguje tego typu praktykę, odbijacze wykłada się bezpośrednio przed cumowaniem"
183,"Przepisy prawa drogi, ochrona wód i etykieta jachtowa",Przed wejściem na obcy jacht należy:,"Zapytać o pozwolenie wejścia i nie przeszkadzać w czasie posiłku,","Zagwizdać trzy razy,","Nic nie trzeba robić, można wejść, bo stanowimy brać żeglarską.",A,"Zapytać o pozwolenie wejścia i nie przeszkadzać w czasie posiłku,"
184,"Przepisy prawa drogi, ochrona wód i etykieta jachtowa",Dwa jachty zacumowane są burta w burtę. Schodząc z jachtu zewnętrznego należy:,Przechodzić cicho po jego części dziobowej,Przechodzić przez jego część rufową,"Nie ma to znaczenia, bo mamy zgodę na takie cumowanie",A,Przechodzić cicho po jego części dziobowej
185,"Przepisy prawa drogi, ochrona wód i etykieta jachtowa",Czy wchodząc do portu państwa innej bandery niż nasza należy?,Podnieść banderę tego państwa na topie grotmasztu,Podnieść banderę tego państwa pod prawym salingiem,Podnieść tylko banderę naszego państwa dla identyfikacji,B,Podnieść banderę tego państwa pod prawym salingiem
186,"Przepisy prawa drogi, ochrona wód i etykieta jachtowa",Na jachcie w porcie podniesiona była duża gala flagowa z okazji uroczystości. Jak postępujemy po odejściu i dalszej żegludze pod żaglami?,Pozostawiamy galę flagową,Zamieniamy ją na małą galę flagową,"Zdejmujemy galę, pod żaglami nie nosi się gali",C,"Zdejmujemy galę, pod żaglami nie nosi się gali"
187,"Przepisy prawa drogi, ochrona wód i etykieta jachtowa",Jak wygląda duża gala flagowa?,To flagi kodu międzynarodowego podniesione wzdłuż want w dowolnej kolejności,To flagi kodu międzynarodowego podniesione pod salingami masztów,"To flagi kodu międzynarodowego podniesione od dziobu przez topy masztów do rufy ( w Polsce przyjęty układ flaga kodu i odpowiedzi, AB1, CD2 itd.)",C,"To flagi kodu międzynarodowego podniesione od dziobu przez topy masztów do rufy ( w Polsce przyjęty układ flaga kodu i odpowiedzi, AB1, CD2 itd.)"
188,"Przepisy prawa drogi, ochrona wód i etykieta jachtowa","Jacht idzie pod żaglami w morzu, nadeszła mgła. Jaki sygnał należy nadawać?",Jeden dźwięk długi co 2 minuty,Dwa dźwięki długie co 2 minuty,Jeden dźwięk długi i dwa krótkie co 2 minuty,C,Jeden dźwięk długi i dwa krótkie co 2 minuty
189,"Przepisy prawa drogi, ochrona wód i etykieta jachtowa",Idąc we mgle usłyszano na jachcie dwa dźwięki długie przed dziobem. Jak należy postąpić?,"Zmniejszyć szybkość, zmienić kurs w prawo, być w gotowości do manewrów","Nie zmieniać kursu, nasłuchiwać w którą stronę przemieszcza się statek nadający sygnał","Najlepiej zatrzymać się i poczekać, aż statek nadający sygnał oddali się",C,"Najlepiej zatrzymać się i poczekać, aż statek nadający sygnał oddali się"
190,"Przepisy prawa drogi, ochrona wód i etykieta jachtowa",Czy do wody na jeziorach i morskich wodach przybrzeżnych można wyrzucać śmiecie,"Tak, z wyjątkiem odpadów z tworzyw sztucznych",Tak ale tylko daleko od brzegu,Nie wolno wyrzucać żadnych,C,Nie wolno wyrzucać żadnych
191,"Przepisy prawa drogi, ochrona wód i etykieta jachtowa",Na jachcie jest WC. Czy można go używać w portach i podczas żeglugi?,"Tak, jeżeli WC jachtu połączony jest ze zbiornikiem lub WC ""chemiczny"" (zamknięty odpływ za burtę)","Tak, ale tylko co najmniej 1000 m od brzegu","Tak, byle poza portami",A,"Tak, jeżeli WC jachtu połączony jest ze zbiornikiem lub WC ""chemiczny"" (zamknięty odpływ za burtę)"
192,"Przepisy prawa drogi, ochrona wód i etykieta jachtowa",Podczas żeglugi zobaczyliśmy na wodzie dużą plamę oleju. Co należy zrobić?,Szybko oddalić się od tego miejsca.,Próbować ją zlikwidować używając detergentów.,"Powiadomić właściwe służby (na śródlądziu straż pożarną, na morzu służbę ruchu/kapitanat)",C,"Powiadomić właściwe służby (na śródlądziu straż pożarną, na morzu służbę ruchu/kapitanat)"
193,"Przepisy prawa drogi, ochrona wód i etykieta jachtowa",Czy przy zmywaniu naczyń na jachcie wskazane jest użycie detergentów?,"Tak, jak najwięcej bo dobrze emulgują tłuszcze","Jak najmniej, bo są szkodliwe dla środowiska","Nie ma to znaczenia, bo są obojętne dla środowiska",B,"Jak najmniej, bo są szkodliwe dla środowiska"
194,"Przepisy prawa drogi, ochrona wód i etykieta jachtowa",Do jakiego znaku żeglugowego pływającego lub brzegowego może zacumować statek żaglowy:,Znaku zezwolenia na postój.,"Znaku zezwolenia na ruch statków żaglowych,",zabrania się cumowania do znaków żeglugowych.,C,zabrania się cumowania do znaków żeglugowych.
195,"Przepisy prawa drogi, ochrona wód i etykieta jachtowa",Wody śródlądowe. Światło zielone nad białym pokazane na statku oznacza:,"Statek stojący na kotwicy,","Prom na uwięzi w ruchu,","Statek, który utracił zdolność do manewrowania.",B,"Prom na uwięzi w ruchu,"
196,Teoria żeglowania,Podniesienie miecza na kursie bajdewind spowoduje:,Konieczność balastowania na nawietrznej,Zwiększenie dryfu,Zwiększenie szybkości jachtu,B,Zwiększenie dryfu
197,Teoria żeglowania,"Jacht płynie bajdewindem z pewną szybkością, przy wietrze rzeczywistym o szybkości większej od zera. Największą szybkość z wymienionych poniżej ma zawsze:",Wiatr pozorny,Wiatr rzeczywisty,Wiatr ruchu własnego,A,Wiatr pozorny
198,Teoria żeglowania,Jacht płynie pod wiatr z wyluzowanymi żaglami. Od czego zależy długość drogi hamowania?,Od rozmieszczenia załogi na jachcie,Od wzajemnego położenia środka wyporu i środka ożaglowania,Od masy jachtu i jego prędkości w momencie ustawienia w linii wiatru,C,Od masy jachtu i jego prędkości w momencie ustawienia w linii wiatru
199,Teoria żeglowania,"Na płetwę sterową jachtu działa siła hydrodynamiczna, wielkość tej siły zależy od?",Kąta wychylenia płetwy sterowej i jej powierzchni,"Kąta wychylenia płetwy sterowej, jej powierzchni i szybkości jachtu",Tylko od powierzchni płetwy sterowej i szybkości jachtu,B,"Kąta wychylenia płetwy sterowej, jej powierzchni i szybkości jachtu"
200,Teoria żeglowania,"Pod jakim warunkiem jacht ""wywracalny"" (kąt krytyczny przechyłu np. ok. 50°) może być dopuszczony do żeglugi?",Jeżeli załoga ma założone pasy lub kamizelki ratunkowe,Jeżeli jest niezatapialny t.j. posiada zbiorniki wypornościowe o objętości w dm3 większej od masy jachtu w kg.,Jeżeli jest wyposażony w dwie pompy zęzowe,B,Jeżeli jest niezatapialny t.j. posiada zbiorniki wypornościowe o objętości w dm3 większej od masy jachtu w kg.
201,Teoria żeglowania,Jacht ma postawiony grot i fok. Przed zwrotem przez sztag zluzowano szot foka. Co to spowoduje?,"Zwiększenie zawietrzności jachtu, co utrudni zwrot",Zwiększenie przechyłu jachtu,Zwiększenie nawietrzności jachtu,C,Zwiększenie nawietrzności jachtu
202,Teoria żeglowania,"Jacht idzie pod żaglami kursem półwiatr, żagle ustawione są poprawnie. Czy po włączeniu silnika naprzód, co spowoduje zwiększenie szybkości jachtu żagle będą nadal pracować poprawnie?",Nadal poprawnie,Będzie trzeba je bardziej wybrać,Będzie trzeba je bardziej wyluzować,B,Będzie trzeba je bardziej wybrać
203,Teoria żeglowania,Półwiatr to kurs jachtu przy wietrze rzeczywistym wiejącym w stosunku do kursu jachtu pod kątem:,Ok. 90°,Ok. 60°,Ok. 150°,C,Ok. 150°
204,Teoria żeglowania,Jakim kursem względem wiatru rzeczywistego płynie pokazany na rysunku jacht (wiatr rzeczywisty strzałka niebieska),Bajdewindem,Baksztagiem,Półwiatrem,C,Półwiatrem
205,Teoria żeglowania,"Jacht stoi zacumowany do boi, jaki wiatr odczuwamy na jachcie",Pozorny,Rzeczywisty,Własny (ruchu własnego),B,Rzeczywisty
206,Teoria żeglowania,Nadmierne wybieranie żagli ustawionych prawidłowo - pod optymalnym kątem natarcia ( np. maksymalne wybranie żagli przy żegludze kursem półwiatr czy baksztag) spowoduje:,Zwiększenie siły ciągu,Zmniejszenie siły ciągu i na pewnych kursach zwiększenie dryfu,"Takie ustawienie nie zmienia siły ciągu, ale może mieć wpływ na dryf",B,Zmniejszenie siły ciągu i na pewnych kursach zwiększenie dryfu
207,Teoria żeglowania,Przy konieczności żeglugi z wiatrem przy bardzo silnym wietrze na jachcie typu slup NAJBEZPIECZNIEJ / NAJKORZYSTNIEJ jest:,Zrzucić grot i postawić mniejszy fok,Zarefować grot i pozostawić normalny fok,"Żeglować pod pełnymi żaglami, gdyż wiatr pozorny przy dużej szybkości będzie słabszy od rzeczywistego",B,Zarefować grot i pozostawić normalny fok
208,Teoria żeglowania,"Jacht mieczowy wyposażony jest w miecz o znacznym ciężarze (np. pewne jachty ""TANGO""). Czy podniesienie takiego miecza wpłynie na stateczność poprzeczną jachtu?",Stateczność polepszy się,Stateczność pogorszy się,Nie wpłynie na stateczność poprzeczną jachtu,B,Stateczność pogorszy się
209,Teoria żeglowania,Wielkość siły aerodynamicznej na żaglu przy tej samej sile wiatru zależy od:,"Tylko od kąta natarcia (kąt pomiędzy cięciwą żagla, a kierunkiem przepływu wiatru)","Kąta natarcia, powierzchni żagla i kształtu (profilu) żagla",Tylko od powierzchni żagla i materiału z jakiego jest wykonany,B,"Kąta natarcia, powierzchni żagla i kształtu (profilu) żagla"
210,Teoria żeglowania,"Jacht przy pewnej sile wiatru płynie kursem ostry bajdewind ze stałą szybkością, szkwał spowodował wzrost wiatru rzeczywistego, czy jacht może w tej sytuacji:",Popłynąć ostrzej do wiatru,Musi odpadać,"Musi luzować żagle, aby utrzymać kurs",A,Popłynąć ostrzej do wiatru
211,Teoria żeglowania,Aby ułatwić szybkie odpadanie jachtu o osprzęcie żaglowym typu slup idącego półwiatrem przy postawionym foku i grocie należy (poza sterowaniem),Luzować szoty grota,Luzować szoty foka,Wybierać szoty grota,A,Luzować szoty grota
212,Teoria żeglowania,Refowanie grota do bomu na jachcie typu slup spowoduje zmianę położenia środka ożaglowania:,Tylko obniżenie położenia środka ożaglowania,Obniżenie i przesunięcie do przodu środka ożaglowania,Położenie środka ożaglowania nie zmieni się,B,Obniżenie i przesunięcie do przodu środka ożaglowania
213,Teoria żeglowania,Na kursie baksztag siła powodująca dryf:,Jest taka sama jak dla pozostałych kursów względem wiatru,Jest największa.,Jest najmniejsza.,C,Jest najmniejsza.
214,Teoria żeglowania,Przesunięcie środka bocznego oporu jachtu mieczowego można uzyskać przez:,Odpowiednie balastowanie wzdłużne (większe obciążenie dziobu lub rufy) i/lub ustawienie miecza,Odpowiednie ustawianie żagli i/lub ich refowanie,Zmianę kursu jachtu względem wiatru,A,Odpowiednie balastowanie wzdłużne (większe obciążenie dziobu lub rufy) i/lub ustawienie miecza
215,Teoria żeglowania,Ciśnienie powietrza przepływającego po obu stronach żagla:,Spada po stronie zawietrznej,Rośnie po stronie zawietrznej,Spada po stronie nawietrznej,A,Spada po stronie zawietrznej
216,Teoria żeglowania,Jacht zmienia kurs względem wiatru z kursu bajdewind do kursu baksztag odpowiednio ustawiając żagle:,Siła przechylająca nie ulega zmianie,Siła przechylająca rośnie,Siła przechylająca maleje.,C,Siła przechylająca maleje.
217,Teoria żeglowania,Jacht typu slup jest zrównoważony żaglowo i płynie stałym kursem. Zerwał się szot grota i grot nie pracuje. Jaką tendencję wykaże jacht?,Wyostrzy,Odpadnie,Utrzyma kurs.,B,Odpadnie
218,Teoria żeglowania,Jacht płynie kursem pełnym (np. baksztagiem). Czy po wyostrzeniu (np. do bajdewindu) odczuwalny wiatr pozorny ulegnie zmianie?,Nie ulegnie zmianie.,Jego szybkość zmaleje.,Jego szybkość wzrośnie.,C,Jego szybkość wzrośnie.
219,Teoria żeglowania,Prawidłowo wykonany zwrot przez sztag to:,Przejście dziobem linii wiatru od kursu baksztag jednego halsu do kursu baksztag przeciwnego halsu.,Przejście dziobem linii wiatru od półwiatru jednego halsu do półwiatru przeciwnego halsu.,Przejście dziobem linii wiatru od kursu bajdewind jednego halsu do kursu bajdewind przeciwnego halsu.,C,Przejście dziobem linii wiatru od kursu bajdewind jednego halsu do kursu bajdewind przeciwnego halsu.
220,Teoria żeglowania,Dla jakiego kursu względem wiatru kierunek wiatru rzeczywistego i pozornego jest taki sam?,Fordewindu,Baksztagu,Półwiatru,A,Fordewindu
221,Teoria żeglowania,Jacht płynie wstecz na silniku. Wychylono płetwę sterowa w lewo. Jak zachowa się jacht?,Rufa będzie skręcać w kierunku wychylenia steru,Rufa będzie skręcać przeciwnie do kierunku wychylenia steru,Będzie płynął prosto wstecz,A,Rufa będzie skręcać w kierunku wychylenia steru
222,Teoria żeglowania,Siła ciągu działająca na żagiel to:,Składowa siły aerodynamicznej działającej na żagiel skierowana do tyłu równolegle do osi wzdłużnej jachtu.,Składowa siły aerodynamicznej działającej na żagiel skierowana prostopadle do osi wzdłużnej jachtu.,Składowa siły aerodynamicznej działającej na żagiel skierowana do przodu równolegle do osi wzdłużnej jachtu,C,Składowa siły aerodynamicznej działającej na żagiel skierowana do przodu równolegle do osi wzdłużnej jachtu
223,Teoria żeglowania,"Siła działająca na żagiel, powodująca dryf jachtu to:",Składowa siły aerodynamicznej działającej na żagiel skierowana do przodu równolegle do osi wzdłużnej jachtu.,Składowa siły aerodynamicznej działającej na żagiel skierowana do tyłu równolegle do osi wzdłużnej jachtu.,Składowa siły aerodynamicznej działającej na żagiel skierowana prostopadle do osi wzdłużnej jachtu.,C,Składowa siły aerodynamicznej działającej na żagiel skierowana prostopadle do osi wzdłużnej jachtu.
224,Teoria żeglowania,"Na rysunku pokazano schematycznie kadłub jachtu w przechyle oraz położenie środka ciężkości (SC) i środka wyporu (SW), oraz siły działające w tych punktach. Po zwiększeniu przechyłu taki jacht:",Przewróci się,Nie przewróci się,Nadal pozostanie w równowadze przy nowym kącie przechyłu,A,Przewróci się
225,Teoria żeglowania,W jakim celu stosuje się na jachtach zbiorniki lub inne elementy wypornościowe?,Tylko dla wzmocnienia konstrukcji jachtu,Dla zapewnienia pływalności po napełnieniu kadłuba wodą na skutek przewrócenia lub awarii kadłuba,Dla polepszenia stateczności jachtu,B,Dla zapewnienia pływalności po napełnieniu kadłuba wodą na skutek przewrócenia lub awarii kadłuba
226,Teoria żeglowania,Jacht płynący kursem bajdewind może najostrzej płynąć w stosunku do wiatru rzeczywistego pod kątem 40°. Jaki będzie kąt martwy dla takiego jachtu?,40°,120°,80°,C,80°
227,Teoria żeglowania,"Wyporność zbiorników i/lub elementów wypornościowych jachtu ""wywracalnego"" w litrach powinna być w stosunku do masy jachtu w kg:",Większa,Mniejsza,Równa,A,Większa
228,Teoria żeglowania,O stateczności poprzecznej jachtu decyduje wzajemne położenie:,Środka ciężkości jachtu i środka oporu bocznego,Środka ożaglowania i środka wyporu części zanurzonej kadłuba,Środka ciężkości jachtu i środka wyporu części zanurzonej kadłuba,C,Środka ciężkości jachtu i środka wyporu części zanurzonej kadłuba
229,Teoria żeglowania,Jaki wpływ na wielkość momentu przechylającego ma obniżenie środka ożaglowania jachtu (np. przez refowanie żagli)?,Zwiększa moment przechylający,Zmniejsza moment przechylający,Nie ma wpływu na moment przechylający,B,Zmniejsza moment przechylający
230,Teoria żeglowania,Na jakich kursach względem wiatru najbardziej jest przydatny obciągacz bomu?,Na bajdewindzie,Tylko na półwietrze,Na fordewindzie i baksztagu,C,Na fordewindzie i baksztagu
231,Wiadomości z zakresu meteorologii,Wzrostu siły wiatru podczas żeglugi wzdłuż nawietrznego brzegu można się spodziewać w miejscach:,Gdzie brzeg jest wysoki lub zalesiony,W miejscach obniżenia (przerwach) wysokiej linii brzegowej,Ukształtowanie terenu nie ma wpływu na szybkość wiatru,B,W miejscach obniżenia (przerwach) wysokiej linii brzegowej
232,Wiadomości z zakresu meteorologii,Krótkotrwałe i gwałtowne opady występują zazwyczaj:,Przy przechodzeniu frontu chłodnego,Przy przechodzeniu frontu ciepłego,Na obszarach o podwyższonym ciśnieniu,A,Przy przechodzeniu frontu chłodnego
233,Wiadomości z zakresu meteorologii,Front zokludowany powstaje na skutek:,Nasunięcie się frontu ciepłego na front chłodny ze względu na jego szybsze przemieszczanie się,Nasunięcie się frontu chłodnego na front ciepły ze względu na jego szybsze przemieszczanie się,Wzrostu ciśnienia na obszarze niżowym,B,Nasunięcie się frontu chłodnego na front ciepły ze względu na jego szybsze przemieszczanie się
234,Wiadomości z zakresu meteorologii,Stosunkowo długie i umiarkowane opady występują zazwyczaj:,Przy przechodzeniu frontu chłodnego,Przy przechodzeniu frontu ciepłego,Na obszarach wyżowych,B,Przy przechodzeniu frontu ciepłego
235,Wiadomości z zakresu meteorologii,Halo wokół słońca zwiastuje:,"Jest spowodowane chmurami cirrostratus, a zatem zwiastuje zbliżanie się frontu ciepłego i pogorszenie się pogody,","Jest spowodowane zmniejszoną wilgotnością powietrza, a zatem wskazuje polepszenie pogody","Jest spowodowane zwiększoną wilgotnością powietrza, a zatem wskazuje na możliwość wystąpienia mgieł",A,"Jest spowodowane chmurami cirrostratus, a zatem zwiastuje zbliżanie się frontu ciepłego i pogorszenie się pogody,"
236,Wiadomości z zakresu meteorologii,W jakim układzie barycznym mogą występować obszary o silniejszym wietrze?,Tylko w wyżu barycznym,Tylko w niżu barycznym,Zarówno w wyżu jak i niżu bo zależy to od gradientu ciśnienia,C,Zarówno w wyżu jak i niżu bo zależy to od gradientu ciśnienia
237,Wiadomości z zakresu meteorologii,Pogoda występująca w wyżu barycznym to:,Pogoda zmienna,Pogoda pochmurna - deszczowa,Pogoda z małym zachmurzeniem - bez opadów,C,Pogoda z małym zachmurzeniem - bez opadów
238,Wiadomości z zakresu meteorologii,Izobary kreślone na mapach pogody są to:,Linie łączące punkty o jednakowej temperaturze,Linie łączące punkty o jednakowej wilgotności powietrza,Linie łączące punkty o jednakowej wartości ciśnienia,C,Linie łączące punkty o jednakowej wartości ciśnienia
239,Wiadomości z zakresu meteorologii,Podczas bryzy nocnej wiatr wieje:,Od lądu do wody,Od wody do lądu,Zmienia kierunek na równoległy do linii brzegowej,A,Od lądu do wody
240,Wiadomości z zakresu meteorologii,Lampa ostrzegawcza funkcjonująca w ramach Systemu Sygnalizacji Ostrzegawczej na szlaku Wielkich Jezior Mazurskich nadaje sygnały świetlne z częstotliwością 40 błysków na minutę. Oznacza to:,"Uwaga. Spodziewane burze i wiatr, bez wskazania dokładnego czasu i miejsca nadejścia zjawiska meteorologicznego.",Niebezpieczeństwo. Występowanie burzy oraz silnego wiatru w bliskim obszarze,Brak spodziewanych niebezpiecznych zjawisk meteorologicznych,A,"Uwaga. Spodziewane burze i wiatr, bez wskazania dokładnego czasu i miejsca nadejścia zjawiska meteorologicznego."
241,Wiadomości z zakresu meteorologii,Na rysunku pokazano diagram kierunku i prędkości wiatru dla jednej doby (godziny od 08.00 do 08.00). Prognoza ICM. Jak zmieni się kierunek wiatru w ciągu tej doby?,na początku okresu SE 3°B na końcu S-SW 2°B,na początku okresu SW 2°B na końcu S-SW 3°B,na początku okresu NW 3°B na końcu SE 2°B,A,na początku okresu SE 3°B na końcu S-SW 2°B
242,Wiadomości z zakresu meteorologii,"Na polskiej mapie synoptycznej poszczególne skróty ""N, W"" oznaczają kolejno:","Wiatr północny (North), wiatr zachodni (West)","Centrum niżu, centrum wyżu","Chmury niskie, chmury wysokie",B,"Centrum niżu, centrum wyżu"
243,Wiadomości z zakresu meteorologii,Pojawiające się rano i nieznacznie rozbudowujące się drobne chmury Cumulus pokazane na rysunku zwiastują:,"ładniejszą, słoneczną pogodę,","nadejście długotrwałych opadów deszczu,",nadejście burz i silnych wiatrów,A,"ładniejszą, słoneczną pogodę,"
244,Wiadomości z zakresu meteorologii,Gdzie w układzie niżowym występuje największe i najmniejsze ciśnienie atmosferyczne?,"Najmniejsze w środku, a największe na zewnątrz",Największe w środku a najmniejsze na zewnątrz,"Największe w części północnej, a najmniejsze w południowej",A,"Najmniejsze w środku, a największe na zewnątrz"
245,Wiadomości z zakresu meteorologii,Silne szkwały mogą towarzyszyć chmurom:,Nimbostratus,Cumulonimbus,Stratus,B,Cumulonimbus
246,Wiadomości z zakresu meteorologii,Bryza dzienna to wiatr wiejący:,W nocy od strony morza w kierunku lądu,W dzień od strony morza w kierunku lądu,W dzień od strony lądu w kierunku morza,B,W dzień od strony morza w kierunku lądu
247,Wiadomości z zakresu meteorologii,"Symbol na mapie synoptycznej jak na rysunku, oznacza:",Front chłodny,Front ciepły,Front zokludowany,C,Front zokludowany
248,Wiadomości z zakresu meteorologii,Front atmosferyczny jest to:,Linia łącząca ośrodki wysokiego ciśnienia na danym obszarze,Zasięg występowania opadów na danym obszarze,Powierzchnia (warstwa) rozgraniczająca dwie masy powietrza o odmiennych właściwościach (szczególnie o różnej temperaturze),C,Powierzchnia (warstwa) rozgraniczająca dwie masy powietrza o odmiennych właściwościach (szczególnie o różnej temperaturze)
249,Wiadomości z zakresu meteorologii,Na rysunku pokazano fragment mapy synoptycznej. Jakiego wiatru możemy spodziewać się w Polsce?,Północno-wschodniego,Zachodniego,Południowo-wschodniego,A,Północno-wschodniego
250,Wiadomości z zakresu meteorologii,Wiatr określony w komunikacie meteorologicznym jako 1 - 2 w skali Beauforta to:,Wiatr słaby,Wiatr umiarkowany,Wiatr bardzo silny,A,Wiatr słaby
251,Wiadomości z zakresu meteorologii,Kolejne pojawianie się chmur pokazanych na rysunku Cirrus i Cirrostratus przy spadku ciśnienia zwiastuje:,Dalsze utrzymywanie się dobrej pogody,Słabnięcie wiatru i wzrost temperatury,Zbliżanie się frontu ciepłego,C,Zbliżanie się frontu ciepłego
252,Wiadomości z zakresu meteorologii,Wiatr przyziemny w wyżu wieje (półkula północna):,Prostopadle do izobar od centrum wyżu,Do centrum wyżu z zewnątrz,"Od środka wyżu odchylony zgodnie z ruchem wskazówek zegara, kąt 20°- 40° do izobary",C,"Od środka wyżu odchylony zgodnie z ruchem wskazówek zegara, kąt 20°- 40° do izobary"
253,Wiadomości z zakresu meteorologii,Z których chmur można spodziewać się opadów deszczu?,"Nimbostratus, Cumulonimbus",Cirrus i cirrostratus,"Stratocumulus, Cirrocumulus",A,"Nimbostratus, Cumulonimbus"
254,Wiadomości z zakresu meteorologii,"Jeżeli w prognozie radiowej słyszymy ""niż znad Danii pogłębia się i przesuwa szybko na południowy wschód"", to w ciągu najbliższej doby na Zalewie Zegrzyńskim spodziewamy się:",Słabnących wiatrów z kierunków wschodnich,Rosnącej siły wiatru z kierunków zachodnich,Słabych wiatrów północnych,B,Rosnącej siły wiatru z kierunków zachodnich
255,Wiadomości z zakresu meteorologii,Zagęszczenie izobar na mapie pogody informuje:,O słabnięciu wiatru,Zmianie zachmurzenia,Wystąpieniu silnego wiatru,C,Wystąpieniu silnego wiatru
256,Wiadomości z zakresu ratownictwa wodnego,"Kto ogłasza alarm ""Człowiek za burtą""","Kapitan, po wywołaniu go na pokład;","Kapitan, po wywołaniu załogi na pokład;","Osoba, która pierwsza zauważyła wypadnięcie człowieka",C,"Osoba, która pierwsza zauważyła wypadnięcie człowieka"
257,Wiadomości z zakresu ratownictwa wodnego,Jakiego koloru rakiet należy użyć celem wezwania pomocy?,"Zielonych,","Czerwonych,",Białych,B,"Czerwonych,"
258,Wiadomości z zakresu ratownictwa wodnego,"Hipotermia jest to stan organizmu z obniżoną temperaturą wewnętrzną spowodowany czynnikami zewnętrznymi jak np. woda, wiatr itp. Jak postępować z taką osobą?","Zabezpieczyć przed dalszą utratą ciepła np. folią NRC, koc, śpiwór. Poszkodowanemu można podać alkohol. Jak najszybciej zapewnić opiekę lekarską","Zabezpieczyć przed dalszą utratą ciepła np. folią NRC, koc, śpiwór. Poszkodowanemu podać ciepłe osłodzone płyny. Jak najszybciej zapewnić opiekę lekarską","Zabezpieczyć przed dalszą utratą ciepła np. folią NRC, koc, śpiwór. Nie podawać nic do picia. Jak najszybciej zapewnić opiekę lekarską",B,"Zabezpieczyć przed dalszą utratą ciepła np. folią NRC, koc, śpiwór. Poszkodowanemu podać ciepłe osłodzone płyny. Jak najszybciej zapewnić opiekę lekarską"
259,Wiadomości z zakresu ratownictwa wodnego,"Człowiekowi, który wypadł za burtę, koło ratunkowe należy rzucać blisko niego:","Od jego nawietrznej,","Od jego zawietrznej,","Od tej strony, w którą ma zwróconą twarz",A,"Od jego nawietrznej,"
260,Wiadomości z zakresu ratownictwa wodnego,W trakcie żeglugi bezpieczniej jest poruszać się po pokładzie po burcie:,"Zawietrznej,","Nawietrznej,",Nie ma to znaczenia,B,"Nawietrznej,"
261,Wiadomości z zakresu ratownictwa wodnego,W pobliżu jachtu na Zatoce Gdańskiej zaobserwowano pomarańczowy dym. Co to oznacza?,Wzywanie pomocy,Wzywanie pilota,"Ostrzeżenie ""manewruję z trudem""",A,Wzywanie pomocy
262,Wiadomości z zakresu ratownictwa wodnego,Po wywrotce jachtu należy przede wszystkim:,"Najpierw zebrać sprzęt, który wypadł z jachtu, a potem opuścić żagle",Natychmiast wzywać pomocy,"Sprawdzić czy cała załoga jest na powierzchni wody, założyć pasy ratunkowe, zabezpieczyć jacht przed wywróceniem do góry dnem",C,"Sprawdzić czy cała załoga jest na powierzchni wody, założyć pasy ratunkowe, zabezpieczyć jacht przed wywróceniem do góry dnem"
263,Wiadomości z zakresu ratownictwa wodnego,Jak wzywać pomocy w nocy (wody śródlądowe - do dyspozycji jest tylko latarka)?,Nadawać długie błyski,Zataczać zapaloną latarką kręgi,Poruszać latarką poziomo,B,Zataczać zapaloną latarką kręgi
264,Wiadomości z zakresu ratownictwa wodnego,"Po wyłowieniu człowieka, który wypadł za burtę stwierdzono, że nie oddycha. Co robić?",Natychmiast rozpocząć akcję resuscytacyjną i wezwać pomoc.,"Wezwać pomoc, jak najszybciej płynąć do brzegu i czekać na pomoc lekarską.",Ułożyć człowieka w pozycji bezpiecznej i zabezpieczyć przed utratą ciepła,A,Natychmiast rozpocząć akcję resuscytacyjną i wezwać pomoc.
265,Wiadomości z zakresu ratownictwa wodnego,Przy złamaniu kończyny należy:,Wezwać pogotowie ratunkowe,Ułożyć poszkodowanego w tzw. pozycji bezpiecznej,"Usztywnić 2 przyległe stawy, możliwie szybko zapewnić poszkodowanemu pomoc lekarską",C,"Usztywnić 2 przyległe stawy, możliwie szybko zapewnić poszkodowanemu pomoc lekarską"
266,Wiadomości z zakresu ratownictwa wodnego,"Na jachcie zerwała się top-wanta nawietrzna, maszt nie złamał się. Jakie działanie podjąć?",Jak najszybciej wykonać zwrot przez sztag i dokonać oceny sytuacji,"Wyostrzyć do linii wiatru, zrzucić żagle i dokonać prowizorycznej naprawy",Odpaść do baksztagu i dokonać prowizorycznej naprawy,A,Jak najszybciej wykonać zwrot przez sztag i dokonać oceny sytuacji
267,Wiadomości z zakresu ratownictwa wodnego,Człowieka z wody podejmujemy:,W miejscu gdzie jest najłatwiej przy zachowaniu stateczności jednostki,Zawsze z burty nawietrznej,Przy dziobie jachtu,A,W miejscu gdzie jest najłatwiej przy zachowaniu stateczności jednostki
268,Wiadomości z zakresu ratownictwa wodnego,W jakie osobiste środki ratunkowe ma być wyposażony jacht żeglujący na wodach śródlądowych?,W pasy/ kamizelki ratunkowe w ilości takiej jak ilość osób na pokładzie,Pasy/kamizelki ratunkowe i pasy bezpieczeństwa dla wszystkich osób na pokładzie,tyle ile jest osób na pokładzie plus jedna lub koło ratunkowe,C,tyle ile jest osób na pokładzie plus jedna lub koło ratunkowe
269,Wiadomości z zakresu ratownictwa wodnego,Pierwsza pomoc przy krwawiących ranach otwartych kończyn:,"Przemywamy ranę czystą wodą np. mineralną, zakładamy opatrunek, przekazujemy poszkodowanego do lekarza","Usuwamy obce ciała z rany następnie przemywamy ją czystą wodą np. mineralną, zakładamy opatrunek uciskowy, przekazujemy poszkodowanego do lekarza",Pozostawiamy ranę otwartą i jak najszybciej przekazujemy poszkodowanego do lekarza,A,"Przemywamy ranę czystą wodą np. mineralną, zakładamy opatrunek, przekazujemy poszkodowanego do lekarza"
270,Wiadomości z zakresu ratownictwa wodnego,"Gwałtowne uderzenie bardzo silnego wiatru zastało jacht mieczowy w pobliżu brzegu nawietrznego. Wody śródlądowe, żagle zrzucono w porę jacht się nie przewrócił. Wiatr nadal bardzo silny. Brzeg bezpieczny. Jak postępować dalej ?","Podnieść miecz, załoga na pokładzie w pasach/kamizelkach ratunkowych, sztrandować z wiatrem","Przygotować kotwicę, miecza nie podnosić aby wolniej dryfować, blisko brzegu rzucić kotwicę","Natychmiast rzucić kotwicę, załoga pozostaje pod pokładem.",A,"Podnieść miecz, załoga na pokładzie w pasach/kamizelkach ratunkowych, sztrandować z wiatrem"
271,Wiadomości z zakresu ratownictwa wodnego,Na Zalewie Szczecińskim w dzień na skutek pęknięcia kadłuba jacht nabiera wody (jacht wyposażony zgodnie z przepisami). Jak najlepiej i najskuteczniej wezwać pomocy?,Przy pomocy radiotelefonu UKF (procedura MAY DAY),Przy pomocy rakiet czerwonych,Podnosząc pod salingiem sygnał: kula nad flagą,A,Przy pomocy radiotelefonu UKF (procedura MAY DAY)
272,Wiadomości z zakresu ratownictwa wodnego,"Na jeziorach Mazurskich w dzień na jachcie złamał się maszt, jacht jest bez silnika, brak telefonu. Jak najlepiej wzywać pomocy?",Podnosząc i opuszczając ręce i/lub zataczając koła dobrze widocznym przedmiotem,Krzycząc głośno ratunku - pomocy,Nadając latarką sygnał SOS,A,Podnosząc i opuszczając ręce i/lub zataczając koła dobrze widocznym przedmiotem
273,Wiadomości z zakresu ratownictwa wodnego,"Czy na jachcie żeglującym na Jeziorach Mazurskich kapitan ma prawo zarządzić, aby załoga założyła pasy/kamizelki ratunkowe?",Tak,"Nie, to indywidualna decyzja członka załogi",Przepisy tego nie określają,A,Tak
274,Wiadomości z zakresu ratownictwa wodnego,Czy na Zatoce Gdańskiej i Zalewie Szczecińskim działa służba ratownictwa morskiego SAR?,"Tak, z centrum koordynacyjnym w Gdyni i Stacjami ratownictwa w portach.","Nie, SAR działa tylko na pełnym morzu","Nie, działa tam tylko WOPR",A,"Tak, z centrum koordynacyjnym w Gdyni i Stacjami ratownictwa w portach."
275,Wiadomości z zakresu ratownictwa wodnego,Prowadzący jacht polecił załodze założyć pasy /kamizelki ratunkowe. Jak powinna postępować załoga?,Założyć pasy pod pokładem,Wyjść z pasami na pokład i tam je założyć,"Trzymać je przy sobie, a zakładać dopiero w wodzie",B,Wyjść z pasami na pokład i tam je założyć
276,Wiadomości z zakresu ratownictwa wodnego,Pierwszej pomocy przy oparzeniach udzielamy następująco:,Szybkie ochłodzenie oparzonego miejsca przez polewanie zimną wodą i nałożenie jałowego opatrunku.,Nałożenie tłustego kremu lub oliwy i jałowego opatrunku,Przemycie alkoholem i nałożenie opatrunku,A,Szybkie ochłodzenie oparzonego miejsca przez polewanie zimną wodą i nałożenie jałowego opatrunku.
277,Wiadomości z zakresu ratownictwa wodnego,Przed rozpoczęciem sztucznego oddychania u osoby nieprzytomnej należy:,Udrożnić drogi oddechowe i prowadzić akcję sztucznego oddychania,Zabezpieczyć poszkodowaną osobę przed utratą ciepła i prowadzić akcję,Położyć osobę poszkodowaną na miękkim podłożu i natychmiast rozpocząć akcję,A,Udrożnić drogi oddechowe i prowadzić akcję sztucznego oddychania
278,Wiadomości z zakresu ratownictwa wodnego,Z prawej burty jachtu zaobserwowano jednostkę nadającą sygnał jak na rysunku. Jak należy postąpić?,"Zmienić kurs i podejść do tej jednostki, nawiązać z nią łączność","Nie zbliżać się, jednostka wykonuje prace podwodne",Zatrzymać się i czekać na dalsze sygnały tej jednostki,A,"Zmienić kurs i podejść do tej jednostki, nawiązać z nią łączność"
279,Wiadomości z zakresu ratownictwa wodnego,"Wybierz właściwy sposób postępowania osoby, która wypadła za burtę:","Zachować spokój, wzywać pomocy, płynąć do brzegu,",Płynąć za jachtem lub do brzegu możliwie jak najszybciej,"Zachować spokój, oszczędzać energię i siły, podpłynąć do rzuconego już koła i spokojnie czekać.",C,"Zachować spokój, oszczędzać energię i siły, podpłynąć do rzuconego już koła i spokojnie czekać."
280,Wiadomości z zakresu ratownictwa wodnego,Prowadząc sztuczne oddychanie i pośredni masaż serca wykonujemy:,"15 uciśnięć mostka i 2 wdmuchnięcia powietrza,","5 uciśnięć mostka i 1 wdmuchnięcie powietrza,",30 uciśnięć mostka i 2 wdmuchnięcia powietrza,C,30 uciśnięć mostka i 2 wdmuchnięcia powietrza
281,Wiadomości z zakresu ratownictwa wodnego,"Po całodziennej żegludze w lecie załoganta boli głowa, ma zaburzenia świadomości, ciepłą zaczerwienioną skórę i nudności. Czego to mogą być objawy i jak postępować ?","Wyziębienia ciała, podać ciepły napój","Porażenia słonecznego, zastosować zimne okłady, podać wodę mineralną, potrzebna pomoc lekarska","Choroby morskiej, podać aviomarin",B,"Porażenia słonecznego, zastosować zimne okłady, podać wodę mineralną, potrzebna pomoc lekarska"
282,Wiadomości z zakresu ratownictwa wodnego,"Jacht na Zatoce Gdańskiej dryfuje przy bardzo silnym wietrze do brzegu, nadano sygnały wzywania pomocy. Na brzegu wystrzelono zieloną rakietę, a stojący na brzegu macha białą chorągiewką. Co to oznacza i jak postępować ?","Ostrzeżenie o niebezpiecznym miejscu, starać się sztrandować w innym miejscu","Informacja o dobrym miejscu do sztrandowania, starać się sztrandować w tym miejscu","Informacja, że wkrótce nadejdzie jednostka ratownicza",B,"Informacja o dobrym miejscu do sztrandowania, starać się sztrandować w tym miejscu"
283,Wiadomości z zakresu ratownictwa wodnego,Jakie są PODSTAWOWE / NAJWAŻNIEJSZE obowiązki prowadzącego jacht przed wyjściem w rejs?,"Zapoznanie załogi ze sprzętem ratunkowym na jachcie, jego rozmieszczeniu i obsłudze (np. pasy / kamizelki ratunkowe i bezpieczeństwa, gaśnice, itp.) i postępowaniem w niebezpieczeństwie",Zapoznanie załogi z przepisami prawa drogi i oznakowaniem nawigacyjnym danego akwenu,Zapoznanie załogi z zasadami etykiety jachtowej,A,"Zapoznanie załogi ze sprzętem ratunkowym na jachcie, jego rozmieszczeniu i obsłudze (np. pasy / kamizelki ratunkowe i bezpieczeństwa, gaśnice, itp.) i postępowaniem w niebezpieczeństwie"
284,Wiadomości z zakresu ratownictwa wodnego,W celu ugaszenia gaśnicą pożaru w komorze silnika należy:,Lekko uchylić pokrywę komory i natychmiast użyć gaśnicy,"Otworzyć szeroko pokrywę komory, sprawdzić co się pali i dopiero użyć gaśnicy",Otworzyć szeroko pokrywę komory i gasić ogień wodą podawaną z za burty,A,Lekko uchylić pokrywę komory i natychmiast użyć gaśnicy
285,Wiadomości z zakresu ratownictwa wodnego,Po podjęciu nieprzytomnego człowieka z wody należy w PIERWSZEJ KOLEJNOŚCI sprawdzić:,Oddech i tętno,Czy nie jest zraniony,Reakcję źrenic na światło,A,Oddech i tętno
286,Wiadomości z zakresu ratownictwa wodnego,Niezatapialny jacht w lecie przewrócił się na dużym jeziorze w odległości ok. 1 km od zawietrznego brzegu. Wzywano pomoc ale na razie bez skutku. Jakie powinno być dalsze postępowanie?,Załoga w pasach/kamizelkach ratunkowych powinna w grupie płynąć do lądu,Załoga ciepło ubrana w pasach/kamizelkach ratunkowych powinna siedzieć na jachcie możliwie nie w wodzie. Nadal wzywać pomocy.,Osoba najlepiej pływająca powinna płynąć do lądu po pomoc.,B,Załoga ciepło ubrana w pasach/kamizelkach ratunkowych powinna siedzieć na jachcie możliwie nie w wodzie. Nadal wzywać pomocy.
287,Wiadomości z zakresu ratownictwa wodnego,"Zaobserwowano, że znajdujący się w pobliżu jacht ma podniesiony sygnał jak na rysunku. Co należy zrobić ?","Taki sygnał nic nie oznacza, kontynuować swoje pływanie.","Jacht stoi na mieliźnie, nie podchodzić w pobliże","Jacht wzywa pomocy, podejść i podjąć odpowiednie działania",C,"Jacht wzywa pomocy, podejść i podjąć odpowiednie działania"
288,Wiadomości z zakresu ratownictwa wodnego,Jak zachować się przy wywracaniu się jachtu (wywrotka już nieunikniona)?,Działać tak aby nie wpaść pod żagiel,Wyskoczyć od strony burty zawietrznej jak najdalej od jachtu,Wyskoczyć za rufę,A,Działać tak aby nie wpaść pod żagiel
289,Wiadomości z zakresu ratownictwa wodnego,Na jachcie czuć zapach tlącej się izolacji. Co zrobić w pierwszej kolejności?,Jak najszybciej zlokalizować miejsce uszkodzenia,Przygotować gaśnicę i czekać gdzie pojawi się dym,Wyłączyć główny wyłącznik akumulatorów lub zdjąć klemy z akumulatora,C,Wyłączyć główny wyłącznik akumulatorów lub zdjąć klemy z akumulatora
290,Wiadomości z zakresu ratownictwa wodnego,"Po wywrotce jachtu Omega wieczorem (jesień - temp. wody ok. 10°C, wiatr słabnący, do brzegu zawietrznego odl. ok. 3 km, do nawietrznego ok. 300 m) sternik ocenił, że należy płynąć na prowizorycznej tratwie do brzegu nawietrznego. Czy decyzja była słuszna?","Tak, bo do tego brzegu jest bliżej, a istnieje niebezpieczeństwo wychłodzenia","Nie, nigdy nie powinno się opuszczać jachtu","Tak, ale dopiero jeżeli próby wzywania pomocy nie dały rezultatu (w rozsądnym czasie)",C,"Tak, ale dopiero jeżeli próby wzywania pomocy nie dały rezultatu (w rozsądnym czasie)"
291,Wiadomości z zakresu ratownictwa wodnego,"Co może być pomocne przy próbie postawienia niewielkiego jachtu mieczowego po wywrotce, jeżeli dotychczasowe próby postawienia nie dały rezultatu?",Podniesienie miecza i steru,Zrzucenie żagli i położenie masztu,Ustawienie jachtu rufą do wiatru,B,Zrzucenie żagli i położenie masztu
292,Wiadomości z zakresu ratownictwa wodnego,Jaki jest numer ratunkowy telefonu WOPR (ratownictwo na jeziorach)?,600 100 100,601 100 100,601 101 101,B,601 100 100
293,Wiadomości z zakresu ratownictwa wodnego,"Członek załogi przewrócił się na pokładzie, ma silny ból klatki piersiowej szczególnie przy wdechu. Jak udzielić mu pierwszej pomocy?","Umieścić go w pozycji półsiedzącej w miejscu najmniej narażonym na kołysanie, założyć okrężną opaskę z szerokiego bandaża na klatkę piersiową, podać środki przeciwbólowe","Ułożyć go w pozycji bezpiecznej, w miejscu dobrze wentylowanym",Podawać ciepłe płyny i środki przeciwkaszlowe,A,"Umieścić go w pozycji półsiedzącej w miejscu najmniej narażonym na kołysanie, założyć okrężną opaskę z szerokiego bandaża na klatkę piersiową, podać środki przeciwbólowe"
294,Wiadomości z zakresu ratownictwa wodnego,Przy pracach konserwacyjnych członek załogi oparzył się kwasem z akumulatora. Jak udzielić pierwszej pomocy?,Nałożyć na miejsce oparzone sterylny opatrunek,"Starannie i długo płukać miejsce oparzone wodą, a następnie roztworem sody oczyszczonej lub mydła. Nałożyć sterylny opatrunek.",Nałożyć na miejsce oparzone okład alkaliczny np. z mydła,B,"Starannie i długo płukać miejsce oparzone wodą, a następnie roztworem sody oczyszczonej lub mydła. Nałożyć sterylny opatrunek."
295,Wiadomości z zakresu ratownictwa wodnego,Członek załogi doznał urazu stawu skokowego (ból i zasinienie) jak należy postępować?,"Nałożyć ciasny bandaż, trzymać nogę w cieple","Unieruchomić całą kończynę, wzywać natychmiast pomoc lekarską","Zastosować zimne okłady przez 15 - 30 minut, unieruchomić staw, podać środki przeciwbólowe, przekazać poszkodowanego pod opiekę lekarską",C,"Zastosować zimne okłady przez 15 - 30 minut, unieruchomić staw, podać środki przeciwbólowe, przekazać poszkodowanego pod opiekę lekarską"
296,Wiadomości z zakresu ratownictwa wodnego,Na małym jachcie wywracalnym (np. OMEGA) jest 5 osób. Jedna wypadła za burtę. Jak do niej podejść i jak ją najbezpieczniej wyciągnąć na jacht?,"Podejść bajdewindem burtą nawietrzną, a przeprowadzić osobę w wodzie na rufę i tam ją wyciągnąć na pokład.","Podejść bajdewindem burtą nawietrzną, przeprowadzić osobę w wodzie na dziób i tam ją wyciągnąć na pokład.","Podejść bajdewindem burtą nawietrzną, dwie osoby balastują, a dwie wyciągają człowieka na pokład na śródokręciu.",C,"Podejść bajdewindem burtą nawietrzną, dwie osoby balastują, a dwie wyciągają człowieka na pokład na śródokręciu."
297,Wiadomości z zakresu ratownictwa wodnego,"Na jachcie jest silnik przyczepny na pantografie rufowym po stronie lewej burty. Wypadł człowiek za burtę, uruchomiono silnik. Jak podchodzić do człowieka najszybciej i najbezpieczniej?",Na silniku w bajdewindzie lub pod wiatr lewą burtą,Na silniku w bajdewindzie lub pod wiatr prawą burtą,Najpierw zrzucić żagle i dopiero potem podchodzić w dowolny sposób,B,Na silniku w bajdewindzie lub pod wiatr prawą burtą
298,Wiadomości z zakresu ratownictwa wodnego,"Jacht żegluje bajdewindem lewego halsu, zauważono, że zerwała się prawa topwanta (rozkręcił się ściągacz) Co należy zrobić?","Zmienić kurs do linii wiatru, zrzucić żagle, uruchomić silnik, płynąć do portu","Zluzować nieco żagle nie zmieniając kursu, połączyć i skręcić ściągacz i zabezpieczyć go","Wykonać zwrot przez sztag, zrzucić żagle, jak najszybciej założyć awaryjną wantę",B,"Zluzować nieco żagle nie zmieniając kursu, połączyć i skręcić ściągacz i zabezpieczyć go"
299,Wiadomości z zakresu ratownictwa wodnego,Na jeziorach Mazurskich na maszcie sygnałowym przy wejściu do Kanału Jeglińskiego zaobserwowano żółte światło pulsujące (błysk częściej niż co 1 sekundę). Co to może oznaczać?,Zakaz wejścia do kanału,Oznaczenie wejścia do kanału,Ostrzeżenie bezpośrednim niebezpieczeństwie wystąpienia burz i bardzo silnego wiatru,C,Ostrzeżenie bezpośrednim niebezpieczeństwie wystąpienia burz i bardzo silnego wiatru
300,Wiadomości z zakresu ratownictwa wodnego,Czy pływając jachtem na jeziorach Mazurskich można korzystać z telefonicznych ostrzeżeń meteorologicznych?,"Tak, telefonując na nr informacyjny Regionu Dróg Wodnych","Tak, zamawiając usługę ostrzeżeń w Mazurskim W. O.P.R wysyłanych jako SMS","Nie, takich możliwości nie ma",B,"Tak, zamawiając usługę ostrzeżeń w Mazurskim W. O.P.R wysyłanych jako SMS"
301,Wiadomości z zakresu ratownictwa wodnego,Zauważyliśmy wywrócony jacht i załogę tego jachtu w wodzie. Jak postępujemy?,Płyniemy jak najszybciej do najbliższej przystani celem wezwania pomocy,"W bezpiecznej odległości od przewróconego jachtu zrzucamy żagle i z prędkością minimalną podpływamy do przewróconego jachtu i ratujemy ludzi, a potem sprzęt","W bezpiecznej odległości od przewróconego jachtu, słownie instruujemy jak mają postępować",B,"W bezpiecznej odległości od przewróconego jachtu zrzucamy żagle i z prędkością minimalną podpływamy do przewróconego jachtu i ratujemy ludzi, a potem sprzęt"
